traj_pc1,traj_pc2,traj_pc3,traj_pc4,traj_pc5,traj_pc6,traj_pc7,traj_pc8,traj_pc9,traj_pc10,traj_pc11,traj_pc12,traj_pc13,traj_pc14,traj_pc15,traj_pc16,traj_pc17,traj_pc18,traj_pc19,traj_pc20,quality_score
12.543140084256395,12.015723100288355,1.0877519447649031,23.512615667056085,-16.306789496138666,0.4708829701568255,-2.2638536907502997,60.453972032609286,-6.0799542363019405,-12.27395229855113,-11.154791857798639,-35.293504784840906,-32.242290097525526,0.5916337993249531,-0.26196867360059706,17.594438762539216,-15.854350950352723,28.61299427856487,-3.926010754506315,2.5016585914908105,0.95192
26.303178487625082,17.61749457542737,-2.926145632362682,36.08575597901128,-12.64538007075806,8.247755462262639,12.747255365246312,48.896688457391825,1.272859778131044,-16.75434633638391,1.4129536437108023,-31.7908828227561,-32.10426542628624,1.0411384659789529,-2.744965859667222,24.286073885983413,-11.751162065071863,40.49055401689642,-7.8593416622453285,-0.7971076292819789,0.94886
15.488205322762603,9.197401222562862,12.010066068864557,27.304477739363243,13.727957760682894,-37.318103615098536,13.177619383100732,50.04515702340325,29.835343484075825,-5.952771260448438,17.660265826245023,-43.48786481482044,-26.29211436490322,-32.04912383365805,13.647385265190938,6.461047985901228,-41.62260903632797,37.916868642605316,-4.822410481004806,7.623909988042145,0.93477
3.349116115014905,20.60580175054135,3.2503075592943516,21.647442887797165,-5.385756097798764,-2.190485191849093,-7.685376746535761,49.77267168140845,-8.988541147847597,-20.134389552655264,-13.36602664760974,-24.81698290056586,-38.77478534307504,1.921060110554609,-5.876838025296226,16.09315354489446,-14.357432093273092,25.870308562968404,-5.606653534342834,8.582997771072717,0.94882
5.503575658431496,13.85554552656688,0.2740000972298838,15.911169699331914,-4.305896665812735,-7.87444927407116,-6.3637124286831215,54.01906785474094,-7.700974112214477,-17.288612886681697,-18.50786077680522,-28.56339871922535,-25.178217411740814,-2.272153037078994,0.20819673643254386,23.55684951174128,-11.184969364857276,20.340039900316516,-2.8635396511742046,2.8293350465119254,0.95215
22.721810427492542,16.051999645942118,-7.301379245920985,27.228241930186513,-3.4077826957291752,4.2561659836252,-9.635328227172383,54.0265949850506,8.124415317357686,3.540768331066615,-2.4563680149857956,-35.765670107930355,-25.802594797278434,-7.3585371361144105,9.30894988714425,25.184383440607036,-12.40745055299881,26.043949868167708,-7.337403917013562,-7.176183524161005,0.95408
14.541208835206028,15.77900128853697,-2.470773469173395,21.34301301566383,-4.228543262022092,-10.754313493133699,0.9806866224954891,61.65953944777529,-9.124000723500322,-2.669123187006909,-11.323539125801894,-38.67247057592967,-30.134124181205767,-10.658248980728978,4.2004116477101,8.129822896132323,-24.18377831652789,27.055020301900253,-12.18525621420953,2.13622593509067,0.95297
12.179663060719195,14.047928494001244,-10.768655529793545,26.304612841328016,-15.757308464597369,-4.288612532173309,2.404597379971891,58.96461678584194,5.7632925405353355,-6.911858080418488,-15.302225099611213,-31.74743640600388,-26.015286719588133,-8.168923828269453,0.15078505980974222,28.596759262127822,-20.451932313110493,22.418515660989918,-10.10929947555689,5.678052191735161,0.95157
39.871047437665766,18.905382692152834,-15.964765769623398,57.2878663998108,-8.759872366047556,6.827804202792211,41.51405786104002,56.81708407346088,7.345769827801219,-16.780463475997976,-5.418370270158983,-31.341663507070077,-13.297277973916925,-3.684434549259978,5.476964065138484,14.61989047432164,-23.997275826011087,25.87922860777617,1.323129009161549,-5.047780115074945,0.95051
59.554762762006554,7.26793065232865,2.975376599095219,-0.6051125884517781,-22.071446861464512,-41.919602395267745,27.42451646784162,-25.29322966444893,-21.314879859801415,10.848717885758669,-17.696580153262214,0.0670738112805676,-10.059034827931123,15.682913275314716,13.155622896683239,16.674427243457057,-3.4441884361439072,14.747743163682772,-19.11242160087489,-5.5546769854296425,0.95743
73.65340543545375,16.023763018945566,5.439529895411023,-1.048908692858531,-21.162623549585675,-26.84104696709369,38.86054295776673,-42.84629885292124,-8.46332657435166,11.850274392666892,-11.700997054441148,-4.165956696846654,-14.868491434915137,10.568712666991084,4.394396746159696,17.855830173501186,5.0551889255471005,22.80114796413034,-24.84223242017212,-23.038331163987948,0.95042
84.18605142809943,12.282308362830626,5.471505463172093,11.952560897703057,-19.586619644233185,-22.46578492833309,46.001576190312214,-40.837307257053226,-10.830014117277681,11.647207072978228,1.9659489860419013,0.4952945602427833,-11.237926057713855,9.28238628073859,13.707236041568441,27.85961125928816,-2.8467649482260033,15.943185282374946,-24.707490441583083,-24.241828240636984,0.95201
57.11079937154807,9.79893964625071,14.534949222919513,-8.265116197599548,-32.40351130096379,-40.53030218551117,-2.9617322259447163,-17.32908399675826,-8.683462356024926,-0.6317439441831433,-48.836173810062036,9.285290134579073,-22.64702051232989,27.69000101536592,-4.8148765279832295,6.298377238472722,19.490829836197644,6.719774661831634,-22.853509745753712,27.586088649206634,0.94432
62.926001820376,22.159335170164724,11.562933810486129,-7.35843131440229,-24.00586621703301,-43.20333033219762,17.028513657285544,-27.924671039980385,-16.938557427901564,7.090678346561629,-15.659637891301475,2.230789383782865,-20.17299409762983,19.658853718433804,7.5147790655886375,17.244464491114687,0.16281809638560193,20.730836584140523,-22.707066470064532,-4.311550088655208,0.95347
82.51761923299885,7.4845262822699725,5.513447563026365,10.146856263137575,-28.013282275808947,-32.35200910187025,37.22751505620555,-35.99915284965657,-7.599247740197708,2.681930324616858,10.14181878128828,1.311650438726928,-15.866243067384287,1.3219786431803526,9.618669822051626,16.992475025089664,1.8691869833848336,30.17477016941019,-29.173517038932047,-23.946282623036367,0.95601
87.7653080850584,18.436004012547336,5.700325177544018,0.9741777100181644,-28.954422007862245,-34.01848716262741,39.35926261377794,-34.72896803317039,-8.820669450034515,12.662013723384575,-20.81229545286678,-8.93781224707718,-17.12944484009617,5.162288926631244,12.774469975623242,23.547553340799286,-8.467815307699814,22.356178873117152,-27.08724185464265,-17.895883806003937,0.94674
58.51161087875005,15.456140560498666,1.229884396893536,-10.144704643578951,-23.376391731083768,-55.16862870107815,22.993117201670156,-23.25169500366179,-23.438899055796046,3.8284443992258614,-16.104580862016803,-4.57989191301046,-13.576114995638951,15.176092082941137,13.43292299213492,15.62341300496429,-8.4143395942946,19.827955392070642,-25.197084379850743,-9.582712843072937,0.95392
58.82983643015612,15.483781606392515,1.1106503300016806,-9.676467107205244,-8.382517178552282,-61.071868889815796,33.452612036891935,-19.311185904183784,-10.154574345552398,7.417924374252008,-19.51262086792669,-9.235366789394629,-13.306840926516337,5.479835178591111,23.97141906843857,10.202063731517702,-3.610494639782553,22.620868733484347,-20.929941000597513,-13.332566280723162,0.95106
18.09937100713143,-4.851188390060058,29.396251265653248,-0.2572432599585664,-10.583761820176788,-26.83244470542741,-16.575548326214136,14.092043227620888,-13.67385503156943,-25.960688215125536,5.499217112639191,-21.831655792094953,9.614283708365305,32.3268430974915,11.343687443667974,-8.06407773008217,-34.972169813611046,-5.673276830540397,17.49730417448999,3.8403879071491307,0.95869
18.950917565804335,-13.267781305232676,24.448789670143274,0.4701561721151364,-13.822860713353352,-32.7501772998188,-18.82698972311157,11.415338710714108,-18.427215571509066,-21.8685950029129,11.25055073717072,-21.40634471686051,3.9692249868232126,33.00286594436775,10.56131486814674,-0.6754092597125048,-30.990581709985406,-8.661324686865967,15.224703024978144,4.624690787723362,0.95678
13.524712207516842,-14.167739073781759,22.468659574754493,-0.8015104618197445,-7.617270084986246,-28.28285635042947,-19.964030689985204,10.70673459171854,3.790140362569587,-27.743741357008513,7.167866985684302,-19.634130050160493,-9.26336151209888,27.826971012889036,4.368347965629198,-2.192688754532408,-24.958476719218055,-15.541089392996824,17.4874727493397,9.916983032209549,0.95759
24.817364750697237,-16.434386919931146,28.889197087525808,-0.41549971388693985,-10.83240474855409,-20.625909008039578,-22.67206882253158,22.74279727176544,-20.865028440448675,-25.749501462314065,-6.9117781895258865,-16.298650157879802,-3.073964942813198,18.48507859078996,6.363459612270322,-11.535087693603565,-21.432606776812985,-21.218272550407807,9.55212624214255,10.850939608165673,0.95526
7.745953841061555,-19.66853979127157,20.581344029294772,-5.63342264852227,-10.345464064195927,-35.77403951322576,-26.08088916187334,12.62784687078595,-4.5743766254683225,-20.547942204033465,1.9539037421460006,-14.742458245834737,0.38370091597442074,28.176740499853878,20.081682164057906,-11.632479527164465,-22.692332007053775,-19.733210902694516,17.863525174122127,0.9693874144162494,0.95614
28.48550718139965,-6.16147919647148,19.005502402824096,10.27950537417264,-10.24191606692104,-17.18783333103355,-8.609366145007506,14.778476390649335,-9.481904779203553,-14.037136003275332,8.68390301612485,-15.638752354829007,15.85498826559138,29.68587403436655,17.590684440869992,-8.099394602269738,-28.85757046057779,-14.215522972883829,20.04248159575201,0.47256588444790704,0.96062
-14.57719919631148,-13.178843912068976,38.353299166454164,-17.032246798828794,3.092387812546307,-29.83364315072516,-40.09592342576816,13.748359140906828,5.633054917374714,-28.677203736162785,-18.590810219218326,-9.171860967204587,-4.707641928575135,43.23984121206307,9.594524123357061,-24.398017950567784,-12.441024225067217,-17.82639501596067,15.149019638050257,26.35494572757893,0.95209
14.74007814009015,-24.41497393080966,31.568051431572634,-8.512142086633322,-23.478659112219944,-22.16928806183855,-22.052373825849422,-1.1992956103503283,-1.6881701147096608,-56.10577035304247,11.14938081217891,-23.15929595462223,1.4056265450551522,25.89048880163694,7.717178108670088,-16.088733738049857,-23.78042029580345,-16.74345446920274,12.143868949351237,28.40492550691757,0.94971
32.53574567290604,-9.147845305023393,15.998167615404498,13.420188697315899,-13.321071131242054,-23.379160456294336,-5.065737876469956,11.584982319250896,-3.2744626556492205,-17.218762226147177,9.637511950422569,-19.7721040128143,4.940614110590232,11.426474957712735,1.4566696906855299,-2.2287272783650245,-23.744285051305916,-12.569856883937742,11.709235599453574,0.9454166565940161,0.96055
40.5593445972698,1.96155302208276,14.802659625318944,29.84054610243406,10.258607897600733,-4.089684788202854,-69.87983868019518,-27.473533419759562,43.379150584405394,17.59726371757904,9.138518019440356,6.114510950944524,3.7029223379047065,0.2591962334373769,-15.883313347548611,-1.9304355490471008,5.549444008873315,-11.41815816305006,7.526286433755998,-1.2617117096621169,0.94099
62.87492874263626,9.58017070128424,2.653770045860184,39.75812198655071,5.2145649838201305,15.605654553793457,-51.57959822000395,-32.21306373971876,42.044878469747516,19.576394830668686,21.324345476504103,-5.210716794592195,-3.8535313249468865,3.1202562635427062,-14.586440457949783,2.9133316674250667,7.740806625393204,-6.019926167427093,1.3510649488842137,-0.7029491260499577,0.94108
72.98989003861654,0.45908727167012914,1.711438097520475,62.396623904856014,4.076362705883022,29.476319851628013,-48.816995842261605,-28.191999676282474,41.90040850394195,9.131162835528425,24.563167614791432,-3.5320751480063772,-13.316478433732247,-3.2076730494496433,-16.777113778735774,14.558290580404034,11.37351638553505,-2.37846596962981,-9.991843153130489,-4.830662633941764,0.93482
62.11058584613068,5.876075161424422,-2.276507729736477,57.75465227230403,14.014267066338856,12.740913950005643,-45.28345735556572,-32.066631885012555,42.06498360591802,11.874871807676229,26.877077616273713,0.9923177352995555,-7.528500697300308,-6.857856454371061,-12.98671536366538,17.821957683280218,8.29012307006448,5.79313971531285,-10.444970466003152,-1.0871933510591716,0.94059
56.42648685614769,3.2709715976436744,-8.613061568210219,65.50832693630254,24.618039047750052,2.2852669213950514,-59.786328494917,-27.13989824172087,54.65010820888669,18.419375130715185,11.44525403038267,14.697765108822617,-6.0486270737018035,8.949309668207595,0.4786448797407048,22.869770999511648,6.92891267502938,-0.62812713332361,11.231285110374964,-8.938388663172336,0.945
64.32414195906766,14.378758683719427,-6.3230344529975255,66.58650526181977,20.093735616895405,36.24004076754352,-53.85476505189691,-43.354627889240504,59.9781467477992,27.837007639425593,29.041987831634295,8.450954259621305,-15.230767691307172,5.0845281046454724,3.877251498543848,21.598882765459216,19.0448668265592,1.9288563931922078,13.59912943184264,-10.340652835335636,0.92885
60.478340562688594,2.1318642251141284,-1.8217984495002943,55.62303007888548,19.752902965326594,11.679324386215335,-58.17231433111855,-39.94798989404072,65.47394039358562,38.95801458499379,22.63425220927464,9.308576916828017,-12.160830787104274,-1.1293551894727591,-0.4569009997149441,30.783967263754022,11.369844332554308,-6.404569314729824,12.67496070610483,-3.136644147077995,0.93653
57.67637348085036,8.008159337812371,6.548498896340142,45.37530709362346,16.295895531369425,2.7905152886493205,-74.89321756409436,-44.09153057770578,71.00537255897002,25.64174193401223,27.994447664179734,23.352013020016123,-7.725376317585568,10.353695776138379,-1.0326464178799875,21.041710647735567,17.704313121765946,6.558225765110452,14.319976909068473,-3.6990692381090087,0.93455
78.9203075559911,18.78003170313077,6.85733903042347,59.992661153259526,14.189967662739514,20.8530625771787,-56.896778252467186,-44.90023499980597,68.04131310940514,17.425697362154395,32.96699653849545,14.324398516710975,-24.513143606085357,5.714782134142079,1.6189949556455814,18.41057246423434,23.840616950239085,18.664016704962723,11.724989074966512,-15.939671457529276,0.92849
77.98309213292556,-15.487052804443262,-51.70798594237968,-75.06146474012841,24.091515747948414,8.520218226676112,-16.842721722409845,21.480775225322375,3.351320390342949,-23.306845541200385,7.1819183983633215,21.690105476001303,-13.656837956641166,-12.34883989435733,-15.19114805865967,-14.137816201300417,10.843198649547029,-12.837836652894282,4.232945582770831,34.283796736136246,0.9278
107.8480544547881,-11.664639876764957,-57.55574171139632,-59.209023146513886,14.283420608255051,21.121618337874278,25.956071572471355,25.949647312434873,-13.582167302987212,-6.206092752950302,24.127040361053155,15.745141032391103,-1.3839167338437173,-35.51128731828213,-40.38169060721797,-0.679379965380047,-13.906523736000244,-12.234729913466078,0.14665613521678675,5.8372085833228216,0.93807
113.92176967905522,-20.158137662753926,-45.925369403176795,-52.84829248604581,19.629148907129647,36.03670501830738,24.6881720201604,16.286951129145034,-4.602878885691947,-9.792883220389857,33.31237685290344,10.909675328215647,-1.4602714184147052,-30.72000964132986,-37.41135770683673,-6.793368465560107,-16.03088003296077,-8.67237786115561,1.4257325791504518,-1.3046553715945066,0.93842
113.44914917513152,-16.687353149794202,-46.46109839506737,-61.8214074516338,11.232546346539728,19.447571292909295,35.72051467537123,9.69474301751388,-14.180503287548508,4.730080428127823,38.13056974022626,9.477279232333583,-0.08274699015878924,-28.325369560898782,-28.509453526588757,-3.450802665109352,-13.325537120046,1.4395159158773307,1.6727026832827068,-8.903096628790182,0.93531
109.09020236960389,-15.379372910467321,-50.50440823092506,-61.0693149749095,19.00983189709503,23.201338826499736,15.461562665298414,17.542232895738003,-16.370611332183366,-7.5032061029988215,26.141548612820777,10.93655964172003,2.6267324106748866,-18.022730006105572,-29.229842139342736,-5.866705693300478,-14.579940783713571,-2.6721861433341685,2.5218066626678604,19.345932846370598,0.93532
108.75644641227875,-19.743823291785475,-54.639753478903586,-54.81791542613264,31.8293181139204,15.896089226684756,35.71641406436014,19.70805792989245,-5.461282183464724,15.160983453345231,25.342014820696484,-2.3033842323143063,-0.6955261213367265,-36.23741229189509,-37.32015270202905,8.831151892513134,-15.024151290773663,-3.4118505035161295,7.064941694663206,-9.616041980273616,0.9292
116.13883547458853,-13.965692779235129,-47.4342516421843,-32.479373089421635,20.014055972119262,56.026253636309,36.44677456166545,20.928915504483868,8.62607012579086,-3.425937072780435,35.86283690523336,3.518448819483181,4.26569286044877,-31.251480720329486,-42.675885910942284,-7.773242158937972,-31.612174905702666,-11.98888543340744,5.5056543356359935,-2.472044120396661,0.93272
119.08081355048202,-16.108887329418657,-47.92081783050586,-28.695449352679994,17.969354505644024,53.555342158333474,28.483031146869862,24.539580720750056,13.169573077817153,9.280300425873413,27.095510563233912,10.836027446187499,0.4621663793285942,-24.1790068815373,-49.26687999315117,-1.185966065320563,-14.782848664145623,-15.562951991305193,-9.35634320450844,-10.363570242913026,0.93268
117.242516071902,-11.207439191016562,-52.110860263878415,-32.648719097201514,27.36743180256119,55.10470178780782,36.453146279493204,25.5083889135266,-3.919295971196786,5.077238767986319,29.53723035790491,3.7699919252424507,1.2068638487936243,-31.26999738357476,-56.80728031505957,-0.21265165006736533,-18.166707707392842,-13.412163112344011,-2.1821207160777685,-22.608915490057132,0.93205
-11.291793893096777,19.55328106050245,-12.42796673497552,38.78455823387145,25.710500919160104,-35.094258463892075,-7.872817664160831,2.7995727226006046,-13.58509118260305,45.83667102354881,-21.54447752951276,13.947558198462204,22.342937126418708,-32.92846827261037,-3.548481740643831,2.7115849290609395,-20.410033315443027,15.75322301975559,4.249401578073955,-6.890473457231226,0.92243
-32.43588588917902,7.250344420443984,-25.896916930663583,38.86525561609355,2.4844227637294236,-35.505696523822984,-12.944644062755097,16.478619132061922,-9.791817468968032,18.300361535267616,-9.150358827384911,14.487366471749741,4.676941327531354,-25.362091229660287,-13.373554573097572,8.055633438598809,8.641083547581227,13.270438367968778,6.400052846612315,8.607253897907661,0.94568
-58.72173097521676,-2.9030089007194673,-43.65102079957986,30.612148367253155,6.59273084732225,-46.7872842266418,-13.723765218436041,15.83547149268569,-14.94810271296816,34.41649140853709,-15.938067588695157,13.275103141172133,8.344857080813812,-21.223988994782093,-22.469411906607625,7.641683113773578,13.325311312017671,15.275847613722132,8.97827868913704,-4.935571173310313,0.93328
-45.983759487533796,24.431144772376218,-50.96084738994966,57.94339572889915,8.642191793801333,-27.37106921914222,0.12936114128957624,23.37096520505748,-17.93861762987224,31.26389649875694,-18.06477013525708,15.123021409852106,16.2456250058787,-16.61104050577742,-17.212023287905623,4.341823661000453,-2.93501186856577,14.79331631170377,11.630360811004742,-2.4267796123949674,0.92855
-57.50249313776868,7.314757656599842,-50.01542531251141,52.76813074642417,7.002959431159757,-28.50587590372199,0.8845087697617736,18.907443955280158,-22.62077003062931,34.69289950669414,-15.367522456039946,18.49878697208408,16.135300098128962,-23.113737719481136,-12.60918926559794,16.610967352442646,-0.0973730203073088,7.359706401811447,15.747238503399922,-7.539361185434599,0.92809
-71.75661715422578,12.242923694717355,-60.06884345828981,46.31967066494683,13.906520617781728,-9.605328281085306,8.37701572799468,12.877997185154351,-20.352289479286508,22.88117297007857,-36.44677676063259,26.181637918202696,14.10866350589662,-15.703708479969329,-9.921579280178243,-1.4216056927741296,4.354180907836576,4.818893638659907,9.847501668111214,3.8325892488450006,0.90288
-74.07503988957042,4.406555386405168,-15.02314964455722,15.922964820977121,3.3619232968219563,-67.51135987493721,-23.002109276422424,18.807018102411924,-14.68271522734534,21.624102000559724,-12.790756240875524,18.219480344600928,2.9274415112342154,-21.14414475349829,-12.825000846405775,-5.345278319157323,14.921842364723469,11.079207403749168,2.9226404818296885,14.018708435682786,0.92615
-56.70852117902011,3.4081353103919647,-5.811888407292005,22.491771464667348,-1.3271586638498432,-47.54260350212648,-24.635543142368626,1.587244368255442,1.0400041806480842,18.095359223363367,-3.585034650813052,21.987477771284155,-26.58299271952749,-23.353798855754036,-37.49537169951455,-32.0196388422825,24.244070447737712,6.899218999921604,5.726673538447141,36.33960053106504,0.93498
-54.13951971067967,7.004953834267901,-17.577551991710507,27.546264167342898,5.92025541000587,-68.76908453644036,-14.333055537565825,17.615214606023606,-19.611482941243434,17.09196628706289,-13.308773591420529,25.61267963818681,9.22261798751642,-17.731846766117076,1.1156015216732396,-11.823222194117722,-11.484758483072458,1.426279610627428,10.211192059379785,16.832441503158684,0.92809
-29.86437420118677,21.076072389414204,-44.95983279206431,77.59602144188518,8.44413464239008,-16.47506227182419,21.066440489019598,21.89688067323568,-19.710789694565015,34.55157974666926,-19.81699350764589,18.19209620903048,21.206499314427354,-6.455374362759583,-16.327242631923795,-1.4261048553028952,3.8965255985369933,10.989428894270887,18.234252330112678,1.4935964757795452,0.92954
22.7791106221203,-13.11167214904508,71.48798215643906,39.40897113323707,-16.784323531085686,16.07788578703806,2.8384252050737135,11.072555524201794,-7.969708608537976,3.4200204507233396,19.67234238130776,-8.693500071032323,6.620197170730931,-0.011476042383426177,17.82293436843308,-14.060913234502294,2.264622957714109,-1.5763371306812777,8.450786830244294,3.6952900857271533,0.94123
29.704426942908754,-0.7788273824482058,65.24489135186113,49.28432843698792,-24.485316176172987,36.221590673962,16.01643304694905,15.832343751796136,-7.492559303930094,-10.692045623986047,18.312049536200544,3.925952681790213,2.4308735630749396,-9.215223096981973,27.84719265107731,-12.64956089708866,13.424807447147948,6.2597600528072785,4.437977335148972,-3.191406960828824,0.9351
24.34073961921856,-6.989725973190594,72.44019699565797,48.31427374233747,-10.06451287845729,12.487277715729501,9.43606858238981,10.852335939113038,-7.653686641830535,15.090895421738717,20.613161052583077,-2.464431149490439,-0.6292937098508333,-6.334219164339171,15.153550697769472,-16.308165809959775,14.527533721812778,-3.242205677626318,4.975333592664379,1.8221056468755716,0.93655
9.316823223411706,-6.692756531645685,81.48740322452672,38.603800709767945,-8.80925527938524,6.526904469079673,-1.8781770029724214,13.297680137602423,-4.2487632132236755,12.510012095847216,7.001867139941591,11.709166891288742,4.0692644210176665,-9.34733697200692,-0.16585413829478396,-10.829274414800322,13.258542051081076,-5.493613798283025,7.003971769432993,8.739482930168672,0.93527
18.525922041741712,-2.458569639791702,72.5453415178703,49.93371882690945,-11.597096974323213,18.200751021491385,10.153717052998648,14.982746597567868,-6.233733290228206,9.880076796216462,12.525118980561068,0.6251161341654571,7.243458666473558,-5.079890203544687,13.955786410997325,-14.887339284199498,15.912607663545185,-3.1296291778558896,8.020035358638154,1.7381935069134626,0.93805
21.25356742430928,-10.756672305064061,75.3894040636446,52.805815480161044,-14.383406239846453,17.453183423456327,21.580053689059916,10.696745059279994,-7.398817109375748,13.202799971762039,15.87339606454608,-1.918107951044831,8.431889975663852,-9.197254147206054,14.157894834713533,-15.18922218748089,13.88562269955868,-1.1486397203525227,16.746949667625415,6.588502796045553,0.93303
19.917633505541428,-13.443235455887459,75.61156272708789,53.10310359192155,-14.365900063023608,15.40223974117921,20.217728875969918,11.19588289045595,-0.45432284578866944,14.122954155789781,10.047655329606599,2.7375907140563878,3.5275590895496203,-4.853623916559228,11.20354610038899,-13.56452181680501,5.471723990031919,-3.2344016372927396,13.594931983598107,2.718119978652869,0.93749
21.175402663594667,-7.7545907746733915,70.17953920995491,56.833168371683485,-10.084637008030597,20.136310588671446,18.31829124642993,13.726929740687774,-2.418125999544453,16.935392009030803,20.331723855072298,-7.129444811563389,1.2957455300983167,-3.851571842797513,14.94164278164744,-22.104836718929725,19.48941054044783,-1.5373408462064149,3.3331109581647627,3.308196203201291,0.93235
23.508874817179294,-4.464104617300697,42.56720276962774,-25.0282059721689,-17.3117176721539,-39.78660580693049,1.5555012098031653,1.817046493339226,-31.50945268633782,-13.962255915001991,6.120017974970776,-22.30175850719985,-5.0161660618369535,-7.272135242473398,-5.889733594599419,-18.441915248994718,25.91033490029995,-17.381308675952592,3.819614256946748,3.5745347148182622,0.95317
38.637881232637575,-6.972184815452115,37.36045113510635,-12.057120805881244,-23.883174169021974,-37.36967440894365,17.564188823346047,2.80511956097404,-32.13882893356862,-15.093590242420964,21.59144970258173,-22.278793024444095,4.563034231434124,-10.539829562936816,-2.2611488553303025,-12.65477658268831,13.994897442438056,-12.814415481854342,15.44515719445398,-8.595109185926306,0.95452
51.519747004561324,-7.290219227082689,33.24836486651999,-4.093741212745272,-22.019216027444312,-22.176377157769487,16.559577196484742,0.8508796104431792,-31.815337440298688,-7.60624622080174,7.784839444662301,-20.471092480416004,2.371968185967148,-10.984208357949159,-2.41206434382296,-8.10982437978062,16.60246706363142,-16.450748309326354,8.868690298073384,-9.655266966340006,0.95799
50.409000469958976,-6.354069385252141,36.2689533792701,-5.083499389944878,-19.4465760159979,-25.62922631860908,18.902925184177732,-0.553013825281894,-28.507042112416272,-3.4519687448972878,10.516162346624883,-23.937824729377386,-2.6799274917198717,-14.914457571077032,-2.1184051942915674,-15.642822636829518,15.129033837712223,-15.81230573589821,12.234831934840862,-0.6726171719671864,0.95812
35.3822574617844,-1.712114742083669,38.45940675223651,-12.175755755498258,-14.016047536429612,-36.880151825372124,8.102244653048102,-3.5272960614430113,-24.959755312785227,-6.874316547480991,17.57250998064549,-20.753143607281263,-0.05877716986625442,-11.619527083915928,0.9711921945705413,-10.081814199982839,22.039174689821603,-10.389298965581828,21.484986430690896,-0.4453929829310178,0.9574
57.58602558942568,-2.631940955693701,33.61028200378897,7.537709289781115,-21.419389623245078,-21.70613657581894,24.261131667551922,-1.5712470310316242,-21.626525814501573,-6.951455811168544,11.967325907086542,-18.555541252996154,2.1956322577144363,-13.818727898644628,1.1099810412493414,-8.433714419513144,7.216519866720057,-16.55540027255277,19.55016672046042,0.6843868711205291,0.95846
42.07361390332733,-1.9138742739146004,34.56156430196288,-1.9177320037487884,-17.99786624535058,-34.88335473031434,27.63965460621277,5.97565351558886,-15.839613552966908,-14.031986527629721,9.178644835354035,-23.63522855056959,11.091241515538364,-20.282274982801113,0.20921195875469706,-12.735961253483982,5.112838368220156,-16.20657581785586,24.140515682478163,0.9635118388823266,0.95653
47.10980772540923,-10.236003179059828,30.653383160388234,2.029802615868915,-23.188934280102437,-29.38225883032677,16.857609649743758,3.2102560842066943,-27.72724109995484,-20.049679985859292,18.90434314391369,-17.953855885300353,3.683773882718186,-12.581883199960492,-3.6095793323572347,-14.344951328276814,16.376437581208265,-12.480678846822968,10.73501624452295,-5.5272105855345,0.95779
42.39762442616437,5.748007668079295,29.407745388787863,-4.137666585768848,-22.509627526785916,-36.911614798782786,19.04800559709632,5.722571221875702,-27.508749948437206,-8.358347938800629,19.499141670782052,-19.543972278427812,3.6904213276002844,-16.544541473914347,1.1378305359582426,-15.32718479737874,14.736211754705623,-12.349168132654974,12.0337765934356,-4.788601589654069,0.95974
47.2002205293148,10.007636539364478,-22.366323921311636,31.44631586884893,-11.330563010454629,-39.3241862266982,-64.37654503857527,5.003218880921141,-18.615560281913535,11.522483886821059,-12.173864459674807,24.842144510363234,23.48266753892683,-0.9430707574583996,10.071502875726965,-5.824323242700593,-13.593712821503768,-16.542537739383214,-28.04956941519859,-1.518977363954899,0.93229
48.61577828132749,5.009061841908687,-22.494336693969494,27.92634760849731,-10.03681375972843,-41.840189905786694,-55.997084048521984,-10.101830235749366,-2.967459361903837,-6.09346769837015,-11.897270706763711,26.04883878227252,27.20145587931996,-31.79206142916426,14.404876915736965,2.0611069977215077,-21.830132802024075,-9.584747556299055,-42.451250798525805,-10.809567320438074,0.9247
59.86670791280197,19.603197500983413,-21.153144792488856,46.8810058003322,-15.522202129563476,-32.13464646661342,-44.708245717570904,5.388522792405247,-27.362341029938744,3.769189117457004,4.299666931845643,17.43179812474002,16.141936168420862,8.245685899372411,7.129326187944259,-1.5235087867947033,-24.54009545629807,-17.369408385042778,-30.882776605312234,3.2444870801073478,0.93495
55.57305761026463,23.848449923926317,-14.283422313170846,42.42783567851203,-18.46326304775993,-37.87609555433311,-20.836799942358248,3.5287871392087924,11.697191466112312,-4.324224571802098,3.2731799635055068,16.729953798775565,40.693192562363976,6.29993595112468,18.41688223607817,17.49004598497884,-29.963895330358703,-24.115211876575422,-31.44721318281477,-4.524967925036338,0.94449
38.042009336369,12.248726256644598,-16.731390225214817,23.747262784976524,-21.116160916107205,-40.496146311190685,-30.432629290257243,5.046298304253097,1.9796297927701942,-11.4366362156995,3.7393133156280167,14.520829047802378,27.936312990413597,13.343269610510497,15.831377903837561,5.512614871545737,-11.738954696366829,-9.181289372876764,-35.181156410361694,1.3600131041090349,0.94791
39.27975477968355,-0.738276519385845,-7.773524619869058,22.759651200920928,-15.430503576841193,-47.26782128508677,-46.10565870845497,5.66579337938806,9.124373917030494,-13.949337114608566,-10.531782641982181,10.925783233848563,25.922685863023165,-3.901657516176371,7.976559424009002,-5.204972046411795,-15.742570424590703,-17.685306826921803,-36.77436450350942,5.981952185113581,0.94573
36.24612010188604,14.175765485175678,-19.25115227323622,23.20113156483254,-14.152939060247697,-50.50864204379845,-35.13027459111383,5.261567998954426,8.72092185189445,2.640003014609425,-2.180853776126842,6.536944306702482,29.157409357477317,-0.41321339492765286,16.575189425485515,-1.3055493932721232,-23.61901663371032,-28.339393538107544,-32.37866476901182,0.6938313557936572,0.9472
57.49239985903072,15.933355050629856,-13.5036134725191,50.40830426161057,-3.386581137527698,-27.855729271639905,-6.906844442138892,-0.374194778974227,18.909834379886366,-11.960082455211236,16.70036172477434,0.43802848786717014,30.302316674377135,-17.06051501709892,18.710568077232413,-3.9898432931702947,-17.129583092308625,-6.0310228052067565,-32.224800234707764,0.5115097419682815,0.94646
29.809209034792396,-13.79116607092289,2.3614003321606427,-7.819790189625559,9.460661738296324,-13.61371295032729,-1.5038798757170218,18.67376514107742,19.32855130343311,4.6589579617610095,-20.75105007718758,29.522892726035113,-21.6425160283213,13.76317739948908,2.2767524608518324,-15.087411410998337,8.992686802785022,-21.762270952099392,2.640861079065833,1.1499816208059237,0.95942
28.736646315994268,-16.698661430607373,-6.762206770723128,-9.642653367725815,17.141897957333757,-25.74905364349962,-3.069626890768501,17.956082604793107,16.835879734380637,3.3611930059068147,-35.176243521609976,31.40053262513896,-23.344004093379294,14.920429489606722,-2.882313462678249,-21.598535942153983,13.777894203056807,-22.351179265286465,8.254111122213892,4.073888923056064,0.95389
34.74222795481721,-9.56790112921266,-8.147441506177175,-5.391965228560516,13.046922274826803,-10.104151298384817,2.547483546234512,21.454564763679805,14.024056584338568,0.9578082410612324,-34.534401218714436,31.41322387205255,-19.03500958608774,16.768177515122506,-2.4308538834772393,-16.97402493770921,14.66111210323715,-18.94267174761142,7.637911979172517,-5.005392048943913,0.95769
45.31594447669859,-10.532269006550793,-18.852549661913,9.7554124984467,9.954329060869101,-10.526065969140705,18.70456093275548,19.493257481050374,21.691973870883526,-1.8728179647312673,-27.080308208603896,29.901903576108655,-11.72138054238718,21.098102073082806,-5.389175855214078,-18.655390289100417,5.990491177399225,-21.47391679607669,6.1891499632888305,-5.822707314322088,0.95516
42.35268863307966,-13.12504835221534,-33.83115231747641,15.962693847694805,13.36732077250271,-15.49188371327758,8.265492912553333,23.197003133656033,16.85173741910935,12.768009136708134,-30.886932373814684,35.382879847825166,-10.934834023575256,12.671359811626038,1.2385913046870594,-3.8460458581947465,3.8860733683116404,-23.92198914900763,14.801661540019664,-12.322059227702805,0.94917
33.92599760832919,-6.516375820950997,-23.297668363280817,7.15968042429851,18.0113600217466,-11.672076085511279,5.232558024697623,17.463844427687402,22.26935356819962,4.105380817263219,-31.23834482114491,30.200045557135255,-19.470077037599392,17.60866171365641,-12.52423697789373,-25.32227016691112,6.557327026433375,-14.770611915671088,7.657414547709056,2.7688302944340846,0.9529
48.82595013004532,-8.443706628635129,-5.740168301771248,3.4600828553429874,18.793330076560096,-13.242910416714176,5.217032060424571,9.154300481237659,18.13397738703772,-9.542494659712094,-18.394541193354467,27.289631058871997,-32.42050510267153,2.1343118447192406,-8.6784389934221,-22.63395441841589,13.864905540328527,-18.31690971070791,2.864300004953712,1.2543820453676198,0.96092
48.07375717050923,-7.040402400444514,-5.07528636345673,5.5153309597078,18.369294585403054,-9.048571447784774,19.332392066570684,20.03500415173782,13.671645890716428,5.883062498824075,-28.872659322473243,29.16737612937322,-16.788546332910546,9.94632788743144,-3.435419240313822,-18.93938489056704,15.305886298212933,-22.648153342056474,6.640186267328088,-6.615973544368246,0.95744
38.54163522147428,-5.481115298739537,-15.501578801507293,-2.438022294933099,14.6115030373907,3.411261511035778,14.986866138670784,16.84430728945215,19.47654403244705,-5.901340854249236,-46.43674306456352,30.535704721924606,-16.628673557805637,17.56598471572851,0.9775073880992916,-14.060721196632404,15.422476557764298,-30.84204217475621,6.357926719420326,-0.6615511403549621,0.94753
21.04908837429872,-14.792494663388217,-25.69363910006596,-14.14702766395956,15.224007157352318,-12.697742243896512,4.800157318348482,16.36761605852264,19.90290826411613,-5.758060089448277,-45.24167446097958,28.127369111617355,-18.758659805503488,21.434889153330662,12.322775121361602,-29.634329890560007,12.982518450348152,-20.0214439739909,5.428421097773968,4.217301761397447,0.94323
20.194988350652025,-28.7437806589619,45.69495462283226,27.512042107707327,5.2904876162358265,11.872947726293614,27.784427141085782,13.263703564946256,19.010226344630755,-13.01068737271841,-11.789371671639188,13.992214514078785,-19.509486034909617,16.961343092289265,-1.52669204623168,-12.036272736766861,15.363463014230712,2.746545486044001,4.404717761188029,-4.145587677901006,0.94198
14.440252205896934,-28.22689829169596,58.82490676556844,13.939700471388186,10.197034928568776,1.1448221808707555,13.061971341596266,13.768870663798394,19.29748786845245,-4.13503744697033,-21.061421514922703,29.08142257816914,-24.999000665415704,13.996200634645968,-2.7732556155485053,-9.976282975962796,10.210510616030541,8.89023764292367,5.013157978137342,-3.970169139389858,0.94238
-25.027633952369925,5.7422909216032885,20.0661671227011,0.295201701307107,-11.076048257731946,55.712712993769316,-15.319784291779424,17.075443807676027,12.222401308414195,-31.55678808005668,-15.601726258296772,-23.392597808723615,23.165659150318234,-10.990534275742032,25.061423574160692,17.63681925682569,-1.8914534391306015,18.693128299120325,8.792306826690787,6.421596014514742,0.92151
-18.928967945140684,9.256804094743524,13.523796607261072,9.36192743725962,0.18688679378297812,53.23732174545432,-12.401624637945153,30.57487037531543,13.988484420228303,-21.159381238886226,-14.059159530086918,-45.656807938937,15.215667146643856,-6.466546566751527,24.409227043435802,21.362960884351985,6.299657862381632,15.63461349805775,9.57499642915231,4.86795368167495,0.91985
-29.096973055289112,9.16360097856352,17.419755087188246,7.200348862972412,-0.5598001233411414,51.68159589223764,-25.76294421845878,34.21262646736546,17.20073542590383,-7.5824965356463245,-27.258767590343226,-32.896267827980196,22.122566382071543,-6.536736333048164,11.003822928237675,18.03213864281856,-2.714405708248882,8.227088182063797,10.605845784756506,10.032504821445196,0.91372
-41.30367870809602,-14.953016627947056,-12.703836218376914,2.464547389090336,13.52904018006763,18.046577090251684,-3.4917639507569653,33.35544470243941,0.512276750090346,-1.7874756660467546,-23.493454508413844,3.7442605886996376,-40.25210043959724,17.771008251926535,9.180831933226525,0.0002748870639069612,-5.309459663393931,1.5811707226877445,-5.087470751181197,7.29743751595715,0.90492
-46.99508042927162,158.91802325578522,14.874043181861854,-30.707130016444026,4.1476528053159525,19.572745569425972,-25.242879164612415,57.09496028525315,4.549958629193623,-61.56933755601285,0.5837377439436926,28.962705467572434,-67.3131463509943,-5.618163941032993,13.457710547648247,-26.998527406736503,-6.257172587647394,22.56146692943193,-17.22015531548017,-8.704210629797968,0.8207
-66.1739393893607,219.10786228197918,44.94392351779927,-61.760264443018144,-3.2540953462638065,-3.230057517402453,-27.043660466120585,98.9391277768118,17.6369539956263,-37.143255447205185,-14.715034821352626,27.507128172128976,-72.8531348787687,-11.21026500700925,0.04208869216188474,-25.198693133078486,2.0897343379424047,4.874120011256731,-1.0509027770984574,-34.93074894273243,0.77167
-71.85868058348103,-37.21424176593742,95.15544606368012,-72.76462523264128,12.242214684048374,18.79487827581295,-4.3112781802952655,-14.052123279323764,-8.16043099333964,27.05666582804181,-5.639467507694877,25.211315009078124,-48.08088244046864,14.65406212565827,2.1214393503164555,41.67466783197683,-14.207178136540803,-1.1976254211674653,-24.554248827707074,-0.5756889515826962,0.87314
-22.624965817397527,23.43912286937311,-93.01731628629827,-7.122168330714172,-7.349111672574748,-26.118951639713387,19.151693677858884,-42.243295665729455,-25.27186176409903,2.4109307129112985,-38.44008260535619,-8.620235229744935,-9.235631658147602,10.595194817076793,6.238800076044117,-5.994662826297354,-1.0849218361360127,11.47533183560773,-15.788448872176595,3.7944725010637903,0.87116
10.135600116365477,61.6850821156625,-40.32938502824255,-3.472133465566228,22.819151620792447,-9.396017238467929,-6.845364947152565,-107.96847624332902,-9.302900945356459,-8.49608113166741,-34.05989889642358,-37.551779866839404,22.897280379078303,5.715200104673538,-31.602402219042844,-21.709997413809216,-14.013289372630242,18.277982509203458,12.851951807504037,39.459137581573295,0.88168
49.843551931086445,32.690818321858664,-43.7541487904893,6.57189319593827,52.6664044714794,-40.79669551928898,9.367749987230393,-91.65901719051848,-54.5219166038413,-29.606186107810757,-28.702902488554287,-22.646073609638524,-8.97894606302285,43.1440989128336,-36.56835759464651,-33.68606134267814,-11.812059443330032,44.90110058791321,1.409695583858176,11.922550430115628,0.9229
-32.64246408068365,108.44255878997758,-19.393228539192215,-56.17001042933979,-117.2937625647635,29.846023818373464,-4.7462285229422365,-53.09566960156363,37.21136711118054,20.236286168814768,-46.88357700710491,-12.805624775998721,-1.1420196759868804,-54.0523039687172,14.29276311997462,0.39414905629446845,-16.77387236430331,-7.159816724622576,11.318877455167257,36.02053633967141,0.72593
-46.31216819630446,155.91249397494292,-33.30569566592972,-82.18577332324905,-159.37035893662505,21.273597699935372,-9.404915168101057,-43.74616562148857,64.31225881747972,43.86985788406415,-28.153068252426287,-36.49457455141374,-17.095337275954012,-53.675687916824096,12.786788226424875,-3.081909403682196,-2.567979899779569,-14.816230660914947,27.771284715911722,20.580242364333163,0.69608
13.104217472889827,74.6446876040992,-71.78868252485132,1.7812451952685266,-47.05655789844654,13.537804817553138,8.234736615869528,-104.63992939443868,-12.226393377293512,13.30873156487795,-33.33000453144293,-24.663334845668043,17.014036889425302,5.162146362807502,-35.38752804355804,3.581909715541522,4.941652529457879,-9.449384175305312,1.5810909933757362,16.678644866747664,0.80149
-32.82517805333501,-1.7654818023616554,-61.741280555046465,-14.052614748572152,-119.61699334495961,5.133396756495678,37.04851236632283,-10.939051136255314,32.925015590708455,19.8980982279396,-8.440699199611094,2.8237256806544995,-13.662242126935947,11.0341677449464,-2.096609133115485,-15.208775299699425,23.264015230906022,-3.766376019910016,-6.599911239562728,-1.6961708212864535,0.87205
-33.77883063632199,46.621386923695646,-127.11571579355974,9.881166164219405,-13.035840716814779,-8.475204722002804,43.502139559972164,-67.14501314211564,-28.788400452646233,-2.951497202444352,-14.652477021867908,-3.406770997296179,-11.086285218337053,4.039112762425451,-15.112981885319105,-42.42935000955397,-3.611434390470035,15.914928135631028,-14.876027297397817,-13.254527529241487,0.77522
-12.396888831188035,166.74901546405798,-55.07174817893224,-40.34643853906619,-181.75731144900155,39.26437487211692,12.78737750150239,-31.60386283616243,26.1820719032981,32.27086819405491,12.197522313343299,-31.81117737870573,11.461923174965936,33.99427709970816,-17.52498061791449,-19.567500709985488,-1.73924446315469,12.485284551874368,52.42782692956643,-59.937711826876836,0.71094
-88.68770013762294,-19.151747235385486,-39.37170755629984,-6.216852595600166,15.044248326158888,-8.3549780136849,-26.2369716689708,-10.630643455588162,-16.444076849378487,-13.432715368279862,53.33360866751084,-23.047517269762434,-4.09334461245134,-1.8133288266823562,0.6370721343414942,16.38701561385403,1.319425756331258,-13.031021909480415,-5.920176529348202,-13.127621478496375,0.85497
-95.34326626308238,-14.588761149495273,-45.88261769739363,-1.6146748891128095,-4.977592848554711,2.7861821435928458,-32.440059488344936,-25.46711278890453,-37.20719040263508,-27.867809541070564,40.762443424466305,-5.134372652414604,10.100632084575794,13.7578872087408,22.611307014893097,31.23735546436634,-15.409122033197729,-4.458089954763085,4.807144113839806,-23.159627143873013,0.84994
-107.92459116267891,-28.305837766547576,-23.00585428581962,-52.276005921797804,11.147179181256726,12.024483216456114,-66.60164377866231,1.6167909564238088,-21.656855214545196,-13.196755045201805,39.86780370026346,-30.28137494414226,-10.859309684917552,-4.261565289294983,-34.850709819798176,-63.69172122135721,13.941063694838718,9.51001663584686,-47.03541859835678,-12.64744262406003,0.82909
-113.91086023595412,-28.287243929989444,-75.40192177742958,-10.022529738440726,1.792795645262667,-19.081408053719645,-45.8740840104483,-8.773216515950969,-0.09938766663650174,1.0370271959613713,55.365685550947404,-21.61754693443271,-38.423545892432244,33.36519436404997,3.8477550681057298,7.061104412399085,-21.448520851104462,-22.121708023019682,-5.1644649513130885,-21.805184327993754,0.80998
-113.1715960996773,-25.102407782295828,-33.98811183941213,-18.85121131033804,15.045670443097878,-21.770091864225222,-60.699795256927125,-22.389573613978992,10.122083257705775,-24.91284629713009,14.223604302272854,-22.075458529097293,-7.473876119089559,4.730469911884513,-0.10733988644242022,-0.5568682389192029,-4.540145969713551,-17.41192981595464,-18.610018065784537,12.77458823745815,0.84917
-134.10220257193274,-41.78571705993196,-27.55404593850927,-39.24919404644924,11.792373979280901,-15.701486706201294,-76.60569130387788,9.471885205808183,-11.715856505282682,-10.376776367155665,40.153567252855176,-35.46067222063593,-14.9767596088392,14.887487174255954,-44.62420143082345,-33.90798922548481,6.63087749649571,-0.2854768695641881,-15.856348591359483,-25.06768300849145,0.81397
-57.133317220626175,-42.47317405796117,9.36665986839925,3.964474850870144,-40.279144549237856,26.319469389166493,-28.531027717873762,28.530930991193586,16.360396366310948,-17.58463392433576,44.10646082794972,-5.39824998813473,5.368091953550237,-7.251597028987642,-49.18652608402093,-25.449156709556956,1.4157355091217394,17.408158480249828,-25.710358497008354,-4.795510090154524,0.91902
-51.744779482530554,106.64377920523638,7.491172944567154,13.90525954617416,64.64205686644068,23.926800915376916,-30.09253792829377,-36.41366465885359,-26.696154130474525,-72.89499338858306,48.94805378522469,20.373441761120397,39.74683375872195,24.416154386981454,29.848527278792293,54.919220226938876,-13.609354512505059,1.9039717239572806,36.833475395455245,-4.567803302830094,0.82511
-129.8079868598262,-91.79345102119994,-52.70254721279724,-29.166219897665737,-34.23405151742925,-26.819402939807187,-61.72265716900269,0.4147208185733658,25.18007923466415,5.340976054247136,60.303346205432355,-39.03336884123411,-41.104405227361674,32.672453956814664,8.63043982015236,-27.326332202005915,-3.2453973167083254,-12.547203895283292,-6.446244461957733,-23.223426210009404,0.82061
7.44435207379614,47.840089406927575,59.001888438956485,0.30117648011867215,108.96286437428026,32.05769585899197,-44.44387182316671,-18.94415868228427,-15.485819538323689,-2.010119038584877,-33.9318602052267,-8.544100965415382,-22.714354435605525,-13.168298518359727,-3.5613766743240927,-31.909195835995547,-0.18426676702075967,4.292772269339736,25.74209984259339,-20.72275645712828,0.87751
11.707975877949503,6.021914361985071,44.308416820878854,15.448891532635686,13.022373051880118,63.32805778344992,-44.08281777837815,-13.366211852718001,28.004240817785252,12.89266333843812,-12.752241614312451,-27.57612214297022,12.448419634824095,-24.610076016461598,1.2851544166161706,0.6934615905933634,-6.663839661913829,-9.088860751206349,-8.240603883340599,6.2502014612397705,0.91952
25.301677142341667,-7.284435317072867,50.286544562150816,15.766508357036566,17.465423926885745,47.315654320853,-20.69068595446588,-8.95944715147177,25.250331162724777,-0.4598571777417503,7.283733349208233,0.503016264165816,-17.274861770915216,5.078650414066705,-4.3483106419824065,-8.873098492944656,11.678076516169035,-2.4473841163790344,-3.687824869893207,-5.620394604916466,0.93799
-62.82179763577708,4.2565557808634775,42.796064260677824,-71.02364129199007,16.556841056859174,-15.05580401495004,-56.327880304886754,-40.27761393205973,-2.7802588509649935,-6.852254269259193,-16.018720832696044,39.828151486338626,22.44809078462497,8.247023743987837,6.069801629040221,-33.062265213937884,-28.555433481354466,20.961203263736582,-13.399590255436047,-8.382568819765876,0.8485
-44.99696642149359,-38.863135084873655,-2.560136562220115,-10.918545309484976,-4.684349834243985,8.613844096774152,-49.009460864965035,-10.772965361831227,19.235262747866,-25.345152889239266,-20.871098268963287,36.13109454438239,-34.648833287928944,-44.54406142714481,13.254252185307706,40.76734612893594,52.90436434953932,-33.19033159803485,-62.01242626254399,28.00209829670161,0.88083
52.5542930487654,18.21053713994577,35.139275252163294,53.62905588839832,160.87766631799514,11.417626383129791,-67.93575062795618,-57.187114504077165,-11.09856798321187,-57.15844463864606,-62.02630602783413,-36.043346421163,-13.492654117196839,-2.1845911154275712,-65.44080761840087,10.992006214845395,-9.479149142924411,38.57081638044722,39.93677665773877,0.28907531679066084,0.88238
-99.53424745186051,5.650406475152686,-88.60546680114521,54.72830093140458,16.534382095708942,80.53019580824974,41.732971925313926,-4.075548745054823,-0.5602430596326184,-12.696999240118235,28.38641931544933,-9.234792644798276,-37.51779793544206,54.99933848160172,-16.617318106243445,14.024545553625071,-19.52474980562704,-17.630221752568392,2.9596574372813556,-3.425650489468955,0.76309
-109.49284206214391,-23.272577500582162,127.3928218610013,-162.471166939266,31.99094745947861,-65.58264666237298,-51.088990522860485,-16.329604574191386,-6.702837853447666,63.87873579103944,-43.230912842723185,33.53074194175954,30.704792990587688,-67.34990256120119,-21.44504769885729,46.71090979222699,-57.138770931866176,-14.797965106474745,34.6611717763467,-65.93960407251194,0.7963
-40.86647301566102,-39.092555046712356,123.67873298257602,-102.26359516702031,8.927641156606915,4.0079312678434365,-3.3059092164722417,-13.8737223084629,-34.708624478718924,35.259573269732726,-24.62004309803454,44.166700719571224,14.160969018593818,20.681540380587013,9.480492394668943,34.36381626282692,-15.690039561131844,19.18180288948665,-11.960125549721662,-23.511938060674005,0.90781
57.72241286309674,10.148001276881198,-35.89131425137632,-87.09396002632178,22.275240261291504,9.587688806304252,-6.317876824465772,-0.19701105361074506,-25.213408646026636,-19.51106650394147,35.400961747511396,-3.119539310687568,30.12061565224717,1.8084175809751568,29.819208001884295,24.699759166623597,5.7082627542257605,0.5436862857816567,9.514685994401288,33.45944053582361,0.91406
19.802536862847788,-23.001927956934484,-83.87108437433623,-66.30466659098174,34.321489275139555,21.210733892413476,5.084409135025467,16.12568337401386,9.698395015112931,5.193366386066123,15.663639411264688,19.600290492378818,14.72871591146731,18.49910792139496,21.008921854822283,17.262085369788984,21.035422064366042,8.374795075558913,-7.6053537276371905,12.67362876375109,0.8796
92.85551319576778,-38.04545816484609,-7.470785328793197,-61.81189803070602,17.093879665806632,14.768273551543619,12.19217006997255,-1.6132531854737728,-6.476108215206466,16.31830656850496,33.09445147186377,18.87714767735726,9.882283450992025,5.43207582628689,14.027609467288478,10.616965089935901,1.5097198185681708,15.750335394139489,0.07329351915625906,6.277080763372108,0.92404
39.35365349097368,-57.90286829046694,-72.99645945723486,-78.91320265143692,-50.98990772262627,9.223184612925758,-5.711294304618591,43.23148953324771,23.432139542344988,61.43807018726955,22.52530371881279,16.171495105372678,15.742503019538878,17.541229062591942,40.921767964508724,-0.5202396320090926,7.624774619079966,0.6702092779433573,-29.532027804682944,6.814433902420757,0.9064
46.39889566254903,-19.88201138612585,-44.02288567955372,-103.63752689765879,31.887309207124915,20.471633062846767,-46.23980184369684,15.279783125868208,-0.1961276500682451,12.246531041773983,11.314498534595591,-16.325676562800524,36.85081152994522,14.540331659967224,36.16224995194307,4.273082157962312,16.489229337972823,16.64640648034771,11.872997382707979,37.28438846407295,0.9012
43.03846470521776,-1.1582632846111556,-51.92390027032093,-94.95277567259421,71.34486923072281,-7.26790767907226,-31.863002475102164,-14.941538892041239,-27.4225521952363,-24.793034693064108,23.34475984890405,-21.40914961459007,33.15871397478296,10.66189458061745,36.38733876016646,23.027476664039153,26.05185108226871,12.73746424822395,25.63542407732331,32.48880672903506,0.88276
61.3501790948191,-32.74921069453088,-65.76208421667808,-66.87452090082638,11.914816384256651,33.65487590219314,-7.634996192037568,36.1848267812627,12.01430616491201,22.663645401322345,15.387085760336394,29.86791283846097,33.32649624105738,14.806652428922712,10.758732295297772,-15.704456842031924,-6.837579576691797,32.554126840770856,-0.8851581081541906,8.292314546499618,0.90882
56.213165458239985,-33.64630928510851,-37.44275937512693,-71.6372038836037,24.61767008024242,3.3887308280996806,-27.82711216397443,7.632055636957471,10.993194016358512,9.89722250826967,-0.4053451473989536,12.095151013194748,5.493213616990959,21.421073983600465,33.75553158366014,29.52896432753895,10.170020773855112,-5.927135196013138,3.5358302542340763,34.52763812256026,0.92395
102.92450155437147,-3.5994414618122574,-54.890314635605705,-70.76997035337374,-5.662184737250705,-10.409445869666197,11.067064972171442,23.298782918268884,-20.31556706267846,23.63305822379757,-8.474655865718418,-7.446679451866041,19.301401608833125,18.823718909381252,24.987668362542315,33.11530678632799,13.869775623294489,41.02712071860845,22.094668698648448,15.810032758166956,0.9004
-70.10986188326207,14.590694417325011,10.163517985994172,33.37415920834873,9.450128474719055,-12.411238041682155,-11.003439984592388,20.59144445859665,-18.090422564566875,35.979807767176226,-3.5949334756084053,9.33290031546433,31.715655691737787,-24.858761883607404,-2.263876777427703,4.2741106132900635,-1.10154463508129,-0.04964866375023601,13.455842613710546,5.764793566315289,0.91283
-125.61687464850138,-1.2371817457146044,-21.161715152231228,11.56992866317298,14.092074567630075,-37.24513218509921,-9.860018203748961,17.000298163409482,-24.46596367845186,15.184284141107476,31.10005994417463,-6.103494582524838,24.729733745366865,-21.056836999838186,-3.074986310168264,12.800103547705195,21.623374714187264,6.5781724687667,-5.203938156941075,-7.7164527175865185,0.87481
-33.26370433459184,-13.862776987559256,-0.7905159612581004,24.66772059936498,5.816168268256027,-19.76639155260347,8.517639429775757,-0.1614299741247045,-1.8325704913131973,11.310731339378965,24.45510241864362,-7.263319632635344,14.724025248988694,-20.089898105294775,-10.057135482737001,3.934248335707483,21.15016351765272,11.732977857067516,8.902853695709661,-7.8307133798193,0.92978
-24.798150059202698,-3.8031435367262354,18.673831450816774,39.49904976187029,-3.063624992696375,19.1579949393782,9.774344096954962,21.163549141935434,-15.236058890764497,15.578920859871184,-15.715475690384975,-12.44453545863772,44.612547754697346,-15.296362583543363,-4.35605702063972,4.288866444343823,18.133164789358656,2.0733590642256288,15.072480036547383,9.206898594151951,0.94531
-143.71819903207188,19.97230234933465,-16.83943859034129,6.4393786916803855,15.799277201092153,-4.54626794909233,9.9170704352556,8.439326873715252,-16.1946624810468,4.720390763600395,42.540262826790375,23.17952476247479,-11.039033921426324,-7.662744895043403,-10.098142215756607,14.974049234827127,19.75048740938901,-1.1585634578715882,-10.374650991275468,15.654479476673666,0.85463
-121.654743303559,7.5531349330908295,-40.0396403178563,34.75232672163811,12.704992764986907,-9.108132538378424,27.502612378000737,29.46482590930381,-26.798281527966147,21.559088485861796,20.946130317904622,23.17968910968657,4.980883555965468,-3.026331887450924,0.6714926571077394,23.67501597398663,11.252194765299492,-2.6476639968144173,13.232553139565708,8.219666764808984,0.88218
-134.72773248151404,18.927697725626967,-47.501203177602065,34.974989157804195,22.964410659190502,-8.069671170532164,15.006705900464837,21.389027491819338,-13.461095187390434,12.950385124130104,16.35453513286725,25.171214478298474,2.0297745030890804,-8.677978787143863,-10.692768765172458,15.961257086408672,27.625884725984992,4.701453018696267,9.673803822135172,14.184921361779825,0.86998
-75.04647530344462,18.58381125184855,-53.96919789798375,76.13647841486109,5.67224965248423,11.850036483490278,36.816353947482064,25.64156814007876,-17.596833396165472,11.633120405927079,-7.243240845182285,23.561044562569215,23.922133867750592,2.2720928474889805,-2.0867984667958184,2.468703875617215,10.320456216473222,2.7224756665625964,11.744760715351614,18.757544700746994,0.89793
-126.6938431850126,19.911886889897065,-44.20024999693949,39.19953748157055,11.343882641848548,12.063953242721013,8.236194259628846,30.485662489887538,-20.48841300926395,6.783530393385944,1.5116330800166717,-5.867355892799071,33.36560033218386,-9.874763987444172,-4.049080399154976,14.017849492909114,24.369789281405517,-6.080259075405068,5.467569747620905,6.005928495062712,0.86483
-132.79599415717595,13.619615394983214,-56.665812227028475,34.496630329922326,21.780359670592393,-0.48830360968629244,8.548481359363139,24.93120596835775,-28.41135334762826,16.003717038026423,-5.7369068666056355,-14.40275768216134,36.391597077410374,-11.879206027078965,1.9490682561445212,9.753706956025333,12.00398844558333,-9.103407661870902,10.992512349605313,-0.25461392717095793,0.84836
-16.589654137269026,-15.020007045011036,73.54731129142138,-3.878272082923619,84.5946355316973,12.004889640003112,60.1007923847932,-48.53930952752883,-46.69255976692714,42.329619338099086,12.209519225027611,-3.1629806191314134,14.921607732730974,46.63420143197837,-23.367618360009743,-58.53390659239561,34.67032976463223,37.83342046967839,-41.96101801070744,18.23478967025329,0.88679
-1.5131369415002447,4.94097406650011,60.15357068990548,45.04610402836375,-11.905892590728996,64.22448468781865,27.79166637633882,-9.230633662941155,3.2926277974958706,14.831991881950751,-5.515729524865678,-11.458669272012537,19.895884849925622,-19.85924791882581,-2.558303164077124,0.1881335297883964,30.809179517717716,-9.726019243861979,-26.246530950446445,6.78895031739756,0.89348
-111.83724549236938,-31.48310830414719,105.37489885636542,-88.60406332279925,26.437873544248273,-25.157832353167894,21.505777329476427,-42.36781436462849,-6.7015961901317445,61.87461604332799,17.862024464254617,25.015485684107624,-57.19506628052247,-26.05254907373145,-33.88360895246788,21.336665507390585,-37.84599201654633,-3.489817007704156,-5.928050025166907,18.326972218914648,0.89055
-64.44956153620464,-266.94218508606133,27.665090388447215,34.881432299149644,-190.2257744975689,35.445168277234856,-13.746226264731346,-46.64568943718807,0.6653560814229683,-84.80283824392761,-20.419300154425063,63.811138890925655,-51.34954134428615,-14.820689753707844,-46.45532986437443,28.076366457103198,-44.95961489247143,20.852124243936178,57.67008985851822,53.71907401878853,0.858
-62.391698147721115,-35.20152526348797,69.09689676878203,17.645784535184497,-11.5719059628292,37.618764380422085,36.547928521964074,-17.120435900927113,-25.5393500746679,7.52585430394151,20.091919392739364,49.27499572127947,-16.021988139004435,-5.8070620625093445,-13.402162088074219,19.696260380378803,-2.4964855973716693,24.02585674561701,-15.728914277312072,-6.218971263472442,0.88678
-62.234384311897806,314.59373291443706,121.72619299549638,-24.085960528205646,16.822566063126118,16.39011577058652,44.948777097250144,-5.837224772350948,15.6162106261025,59.494971662562584,84.86544096263422,19.78932511481247,16.738314160351585,50.418042684935365,-11.515029913839218,-9.954538890698801,-29.304836395868385,-45.7489134677125,-8.917823358080813,54.56420891123984,0.74488
-27.091778836091375,11.931413854575933,69.80507360977451,3.623250611806195,25.141504403486437,-1.173341436650352,69.05797495221225,-31.68138566203621,-39.48815385129762,-12.915778724058207,-19.91181761283226,-69.80127593937243,-35.955900683795285,-47.4170578516056,-20.793697267504907,56.44630172568205,5.838707879411369,-76.26238208291899,-37.14253114415083,60.31228595016247,0.88374
-52.850250670025176,-34.105165565607,65.65248359949206,36.99045282097844,-56.243327393653054,45.61626813533537,21.265800691173393,6.840733988400733,-4.147718373905039,59.173687121941775,45.53318279973963,68.81976997248901,48.9820603537622,35.90023095457979,2.076242746652416,-62.82067264170859,-65.81610550737047,72.49443599120391,-0.872679198677497,41.679828960393884,0.91031
-3.016536277787882,56.41894310606891,57.94369730764516,-39.26742535840044,-42.946658495746185,-27.034019419977987,14.969888658891213,-24.724207380865277,-32.10653557956714,-96.90412188684898,23.469252060746133,30.08166790707085,30.908633980127753,-8.788776891834415,-8.396716555755628,11.743743305172766,50.64210640537515,1.4235796362564677,10.753549944485783,-12.005337033866427,0.90726
-22.54371606275726,-21.05472988226379,-23.8145721671121,13.998202113894612,9.039694162691013,-21.297695462812538,33.06288764960107,1.9441941466098194,-32.66821728793219,22.909892976479217,15.935266179287943,-15.945850617689343,13.756408695998113,0.19540771281130423,6.914685714305651,1.9009164107631746,15.654717417736597,-8.332037493597864,14.753093466938854,-13.036882220814583,0.91942
6.157586126645299,-157.3524106544125,7.022004253917605,-25.48537946905918,5.115882433908459,-48.76833371347162,-11.287320791359617,-19.007060731573443,-18.483109135120145,92.7860136269761,8.148303323093087,-102.04874903691767,-38.574721894854676,-9.061773754539796,27.00209155160409,-39.87519111793373,30.62863093267924,-19.01033816522588,30.404445835871524,-17.329359238904853,0.82611
-5.551281356550986,21.957135192409847,52.14514720725478,-14.780514141120461,28.682955118402543,-2.030931667521674,24.564945741441193,-13.374177636309419,-17.285796404671288,-9.312602554921412,34.102889733306974,-9.412638069297788,-13.91522768074926,15.380005271103801,-10.259772321826992,11.67256131784063,24.96670273671187,8.114039029580647,-4.2150895956026355,-13.795973280667734,0.90803
8.823085020695105,40.56062853309922,49.64336541692661,-1.0102738554300263,14.815177796974488,36.61109310681229,42.60406801208989,-25.20613957805253,-15.04952219476226,-30.34336894770947,17.91513188680246,2.2242946514224053,-1.1776226179814762,6.267499045583425,-1.9052258799637511,18.991143720635268,24.228196601509893,0.3980557369388466,-13.471633922251613,-4.253737330809723,0.90925
-20.716472837810763,-136.63388282189104,32.265794338176676,4.3605946233682085,-48.49196828081846,28.06351687213656,9.918721438509735,-21.31450782165988,1.8660152642935028,51.750753590938686,27.130012728645138,-6.6530536006671825,8.0381414693096,6.103947331944354,41.087951125594266,-12.362846513854958,-6.05913736028299,8.129470175866956,7.851750110353599,-9.56970662291137,0.87831
-9.770663844397014,24.062754415292712,-11.657293971322073,-15.719239707880659,-88.48324348536156,-22.434594964678233,8.672603754478601,-24.00462676613708,-18.606276130725554,-141.0360229109329,32.864986555406276,78.85833054391622,33.110230843049436,-16.518869980009097,-4.047292417417827,10.307656877252512,57.394116374759,16.174764980058356,11.491471263781841,-37.951410035899,0.86333
-17.399353207480257,-103.14810367230221,6.105800460504979,22.66532971118038,-10.722925257800203,32.31322983073421,29.182060451431777,-11.269756675432733,-16.83506617215825,32.40322371119862,-0.8547606229557878,-9.022494167778932,-3.974006101831052,11.780196973642589,12.518075858878449,25.517527655024818,16.290103420726727,2.617054616904152,-5.733470324390433,-2.8155914909820883,0.90067
-7.523012545446134,-36.78258905180743,23.507756203161534,-25.01093574049738,-42.30141966814738,-7.250896803955536,-4.867333616187942,1.862147435840268,-11.779566486632467,-25.100443446318838,-12.029260343641699,-4.368751789459513,41.59134453398759,-7.224027145789854,2.518874878211763,0.2203057073445383,50.99685360712511,3.706642670251615,0.663472607028151,-27.713175898764238,0.91525
-51.750434550383176,-26.542563470169043,-33.49527061371989,50.84963197108763,4.351892802116534,110.14374253533171,29.156556854550374,-17.100294969851394,-31.827980951220646,-27.576816225229173,-55.63451440266902,-36.804342902058025,47.05471771103315,-6.876230018358513,30.663022058716606,-8.96980156555738,-32.49268815871197,-34.14124153377283,-29.576478833438674,-21.09909771429679,0.77689
-42.84597670736807,-31.182767212069262,-43.139299940223566,28.986194981677624,-4.68859673928488,21.87835848502685,24.47172603024899,-20.444082919551903,-12.293394413315909,-48.13468691332515,-23.070369626264366,54.8221564398298,19.91082297095776,2.9822385412423054,25.608741212329864,-17.902900280430508,-31.411367405793367,-34.04125629893986,-9.38079765810628,-3.3985737173512134,0.86037
-116.86857638252587,-18.120951636228043,-35.72759716016838,14.956633676930455,27.56070139274296,80.8940225624102,46.83259830916296,-58.866241383639846,-62.40216746613436,-16.931861783473135,28.421922376030917,13.337331325594642,-68.41718709017513,23.089895871381295,17.329369000699685,27.887410943509042,-28.339552036351822,-17.105278259030193,-5.6434670470739245,-12.489193340143537,0.75708
-36.94646613039553,-38.16534729159747,5.864639659218884,21.900654340364852,-35.87707679707574,75.56813205520486,-8.829346646174367,-7.390435886413614,5.7395339049028165,-19.601602905148887,-18.699209667185944,-28.926785159907325,32.44611631574886,-34.1037783051084,0.47183222586633816,-30.054960182696952,-11.566610945970396,-20.354571650120523,-61.37321599653894,-20.73817190787147,0.88126
-35.31073181596583,-29.420790224164573,50.40157361550429,-25.254891284578797,-13.917738229886055,62.30737011796511,-46.81559905601508,-12.76777924234908,27.48859446226741,-32.92991569793104,-38.30035052476501,-35.454960224611824,62.957984444584994,-40.72563764790126,-24.465723313336472,-33.136998450673914,-7.337820282522206,33.23463990341258,-45.560193446752834,-1.1469896635608714,0.88681
38.36181127516075,-7.132012282815382,-48.55984122439101,73.81887218154176,52.54746473040443,20.027641028394434,48.63076771576766,-40.06183052107609,-39.878960020718345,13.468540162454788,-13.585860350308513,24.842570978805504,-4.25333822537443,4.358745100906442,29.91120381919907,-13.08656929125407,-60.90954071390461,-59.5069129509548,40.14482131625889,-41.406661799844734,0.89823
-124.2864483568542,-34.10162231824294,-40.12501852587434,-10.45223810857024,133.71769661706543,-74.12471233412992,141.98781527184698,-78.52787434309937,157.23926949949632,-68.38780623567752,46.410939793499274,6.184454636310994,-26.06201342949671,-107.09456452906772,108.72501220139958,-57.70654689696373,-24.77045167588356,33.71688053421591,12.067906496186449,6.986178535786007,0.53019
-117.7518052727816,-70.02953569174785,44.91169562659155,-24.486735620665687,14.451378971744102,-110.81968955644369,139.76711725972663,33.411997746796885,194.26203037739475,-39.256642200124936,-8.754316548946708,-47.04376668414153,96.4791683468349,84.25306468142831,-97.676511867369,47.66148181213265,-8.161970389123903,-14.842463491599414,-12.88740135860116,-9.156841145364501,0.78702
29.78088101110027,-20.128959363623323,49.93389322783406,-20.983186932759462,14.82366006784591,38.51378408840402,35.49807783788806,8.538450369166686,4.250887406750712,3.423678119054506,-16.11869771881594,7.499725434295165,3.206296336190601,12.621441149823456,9.506366140484467,-2.5845764430756395,7.000784675433925,-0.6795390645480202,-1.0737422191432557,-19.415168731172137,0.92335
7.155996568204637,-26.83979534504849,30.61380782543537,-23.911408510277983,8.967407882197703,37.829999449977514,27.71056145167222,4.066715877237982,10.875195021747171,-1.3114543888283463,-27.823568960051606,10.172299217912487,-4.978522423586326,14.981812187247272,9.703099280578199,-5.850461916281487,15.626112678735472,-9.465591997306865,-10.788654014078944,-9.345640099136846,0.92538
-18.119082077201696,-17.68061724400391,36.50397085472966,-34.47203430514372,13.808462150800874,32.762681780300476,24.23251927067737,2.3366932313867568,9.426240162625755,-1.8266819330416897,-29.45861961181554,17.49455130736991,-3.331316374723391,12.880900521265044,8.846017750289285,2.101315228003473,12.775864496427824,-11.16262864339682,-3.2335176169169255,-6.81491147828916,0.89391
-12.791951413715216,-1.4554846330418232,34.46590733354531,-23.88320242988849,30.619960433829398,63.74240954308423,6.406909498984518,8.79047825402266,5.049288286952001,5.571325350352419,-37.43091005837858,-10.172562904743712,33.715607178063514,12.82539501348604,15.123772078793237,9.014177838343986,0.020059089974567304,0.47569766867297847,7.601181984264212,-17.915736704760796,0.86235
-40.381665813474484,5.080813360750406,14.842325930167972,-41.755845662887246,40.69703736843807,49.91784740892972,-9.343454181841361,14.051813179172788,15.275741349697835,-7.439666067919076,-42.493821208040316,-3.381381621508835,31.04464205378474,6.537861685875187,10.733035726039967,-3.0056825601111283,-4.68452758882584,1.461477864352123,10.09752186941313,-14.118873445317444,0.83023
-17.774423849292273,-1.5328178897974691,-8.221837173607712,-27.160376077583773,28.746036559750703,47.26528429098156,-17.713775984877635,6.531297116917434,9.906832373612882,-19.530692905488518,-47.71685838405704,-5.786030318397987,31.54522369986751,-1.3421235109614493,4.430856964358825,-10.215143021701635,4.624484093733989,1.768998164814196,11.75916832452387,-6.326903423189948,0.85297
-84.9340538472776,-0.6645001602096997,-61.60691979097919,-17.499713564657238,17.725629178482496,29.799320961836173,32.171744939627516,9.368536081345196,20.57781379445609,22.961229293945134,-41.04414844852699,10.685014912206325,-12.344190214125673,32.007866515771035,5.983712347558017,5.490050951938247,8.345568609843333,-17.86438363294722,-3.5346087469097953,-4.418730437968113,0.71174
-44.529036732775666,-19.375852665470727,24.0291749570543,-55.7311690980366,30.130716140778354,36.366057847959624,-23.53584776435678,-1.7207389559546251,18.014113780660317,-9.981069989497069,-40.29488417114441,-13.996165788138567,23.57506176368545,11.934608141385766,8.055210408887184,-22.507662450710406,9.023518495660886,8.958474156933416,3.308334704796157,0.8801418408934139,0.85427
-63.94574989976564,-2.2949023518310883,-36.37811126366805,-42.09952971805213,1.188136445699355,33.52278661875277,19.51414382643584,4.327822848773708,11.41265261347695,15.250176541159167,-35.66294857979131,-10.910555887583909,-18.896364293336795,22.225741652281997,8.070611001225231,4.735601565191128,23.15622796315019,14.233353064561406,10.040828427023651,-2.175206596872748,0.80634
-81.61877485750871,-6.957171282408359,-43.315741520352574,-53.12755999496466,5.013659947621887,36.100226947475804,18.5713299214429,0.9065069592967874,17.934524855078582,14.696682442135915,-38.39223048865335,-19.395463385040284,-34.114723639969114,27.27940820252708,15.812837915749574,12.831110336924619,31.66477882476484,6.9441836908514984,7.921828362965991,1.446198869155171,0.76817
