knee_left_min,knee_left_max,knee_left_rom,knee_left_mean,knee_left_std,knee_left_vel_mean_abs,knee_left_vel_std,knee_left_vel_max_abs,knee_right_min,knee_right_max,knee_right_rom,knee_right_mean,knee_right_std,knee_right_vel_mean_abs,knee_right_vel_std,knee_right_vel_max_abs,hip_left_min,hip_left_max,hip_left_rom,hip_left_mean,hip_left_std,hip_left_vel_mean_abs,hip_left_vel_std,hip_left_vel_max_abs,hip_right_min,hip_right_max,hip_right_rom,hip_right_mean,hip_right_std,hip_right_vel_mean_abs,hip_right_vel_std,hip_right_vel_max_abs,sym_knee,sym_hip,n_reps,rep_dur_mean,rep_dur_std,knee_left_dominant_freq_norm,knee_left_spectral_peak_ratio,knee_left_spectral_entropy,knee_right_dominant_freq_norm,knee_right_spectral_peak_ratio,knee_right_spectral_entropy,hip_left_dominant_freq_norm,hip_left_spectral_peak_ratio,hip_left_spectral_entropy,hip_right_dominant_freq_norm,hip_right_spectral_peak_ratio,hip_right_spectral_entropy,traj_pc1,traj_pc2,traj_pc3,traj_pc4,traj_pc5,traj_pc6,traj_pc7,traj_pc8,traj_pc9,traj_pc10,quality_label
71.2387950352907,170.8607199166034,99.62192488131272,128.14375788309087,35.53584876124036,1.191174922773593,1.9789197774068332,13.191387954273836,68.45470885325982,169.74056429349923,101.28585544023942,127.09226574092897,36.34665461394388,1.2106052374541911,2.133548731910805,15.478495050647425,79.55974893564375,161.79093144737053,82.23118251172677,128.44590980893477,29.815914504598496,0.9767143993029236,2.1033168844156758,16.097874265957458,77.50170047919775,161.44457383846884,83.94287335927109,125.96135831723292,31.16952908747572,1.0035102196729535,2.3203730632723585,17.95341865027956,1.6639305589267082,1.7116908475443182,6,0.1512195121951219,0.0077521386564144,0.0127388535031847,0.4630186928869697,0.2645635047340093,0.0127388535031847,0.4690908381257007,0.2646865752372793,0.0127388535031847,0.481790491687673,0.2767208255634528,0.0127388535031847,0.4662140139188717,0.2827255538944522,-2.257504850250388,-2.1780977369912096,-13.81208447494066,1.0565210818092765,1.6231356731577753,-1.8143457707759256,0.8426826533864451,1.7342612979438623,-0.6831647641703859,0.1205592145472677,1
72.68723126104388,178.3413701450497,105.65413888400582,139.9595653884795,35.473963102737955,1.70827308197871,3.0962257204008314,19.15400664568104,74.68315382553203,177.6611262048708,102.97797237933878,139.40957523400513,36.31211282447848,1.7262818286464114,3.00292734307612,18.132728345499014,71.7772044571696,171.3891337100881,99.61192925291849,127.12102103467473,31.99425022347392,1.7978067970937344,3.8931293673321057,25.212320266653208,72.222785169969,177.92295949377356,105.70017432380456,129.8037093599159,34.42809110969547,1.945089195116201,4.106032588479109,23.542306921133488,2.6761665046670373,6.0882450708860745,7,0.129336846728151,0.0421017969278533,0.0131926121372031,0.5157858121231046,0.2721751463499733,0.0131926121372031,0.5410007908556617,0.2654979881961067,0.0131926121372031,0.4883163312454722,0.2967951368163263,0.0131926121372031,0.4857518804129471,0.294572602720927,-1.8008922650837664,12.714505913858142,14.227182361993984,2.585327656012069,2.6624481105108377,3.2011779653344576,-0.7577750161781732,-0.5552503203764548,0.5069291916121643,4.417204166460697,1
79.74489750528149,179.1797179588071,99.4348204535256,143.26763533088584,35.969011230709945,1.854869875419893,2.852829873642082,16.01162735636686,69.70150657253805,179.076220989592,109.37471441705397,141.84233824392837,37.25989183920317,2.01000112762176,3.678938691598915,22.389920985552838,81.34588431497814,169.41249751239482,88.06661319741669,138.55791772852862,31.43343610277472,1.634583312362372,3.148227682215885,18.51856111814232,82.28158029445996,173.0381114867954,90.75653119233544,134.6829382724196,29.964167594267817,1.5605485381245634,3.011287458740909,16.30559765225243,9.939893963528348,2.6899179949187584,5,0.1586363636363636,0.0019813177016093,0.0181818181818181,0.5464504741762989,0.2639523026666463,0.0181818181818181,0.5521074438200754,0.2705659274731701,0.0181818181818181,0.5477803842269167,0.2788876903986699,0.0181818181818181,0.5430991900051733,0.2813636339021174,3.261067612174714,11.220116534372742,-8.98149120747318,-3.931660536181662,3.407724135724569,-5.441045474329978,2.9666072985610348,-0.9728488304865164,2.7352480561513914,1.6492592225455829,1
82.3604648480999,175.14218780855796,92.78172296045808,142.88548413990964,31.18848460740628,1.8347623456755555,3.2382144672688877,18.226644809774186,86.77581673455146,171.0169143931798,84.24109765862835,143.37265302402596,28.187843677677467,1.7611751769520023,3.216647233075465,22.56821092356208,94.42034709882316,156.41054301789336,61.99019591907019,136.63611937725625,21.56376047205004,1.2100225768990625,2.616145267400549,16.53965454971552,91.20213091173076,161.99607697058454,70.79394605885378,137.85929434294795,25.054579279600883,1.3763575779207335,3.0944308206015174,25.24905704888033,8.54062530182972,8.803750139783588,7,0.1344860710854947,0.0076548402740198,0.0172910662824207,0.4231728828577625,0.3011625190251283,0.0172910662824207,0.4278256261709493,0.3119216758748055,0.0172910662824207,0.3908425397571873,0.3242253420127789,0.0172910662824207,0.3977869673819962,0.3162741772171393,2.967391908812336,0.903624559727208,6.081770668746625,-4.131834860848597,-7.18710702036348,-5.491343870221679,2.87167487701288,-1.3689384304665566,-0.2116520976920804,-1.0014997616652352,1
65.60163281979749,179.19348758818796,113.59185476839048,137.04310300273875,40.13610049874499,3.01977959455208,5.067633552939914,23.247976422675805,65.24533345495762,179.8199648802403,114.57463142528267,136.19395417117408,39.850794840466,2.91566052752864,4.970855088757258,23.875434128838123,57.44223329173664,165.70118850520268,108.25895521346604,124.11455877721409,34.33673097886381,3.230850204365122,5.911125259096797,27.02565586322332,53.046750937306335,164.11509678857513,111.0683458512688,123.83806437876436,35.378559325888055,3.314493344961779,6.104976621028786,26.000294383028237,0.9827766568921988,2.80939063780275,6,0.1475806451612903,0.0134583219905472,0.0241935483870967,0.5546339702495128,0.3057432433563591,0.0241935483870967,0.5711533734134729,0.2940301837542382,0.0241935483870967,0.5560513372263463,0.3265868492940457,0.0241935483870967,0.5605503156062199,0.3220427651503264,-1.1403552559368852,-7.871118510931438,-11.198203176706844,2.008133480629217,4.448743247076333,-1.7309329387935826,3.022798304221009,3.86404753387632,1.4973776907218337,-1.857559499234688,1
77.72558212949215,174.36740973889903,96.64182760940687,144.13856162591134,30.73687239288562,2.2410166536486957,3.8805347465204254,23.25464537903666,75.10190903285462,176.67997461527048,101.57806558241586,142.09936539662928,30.274321470902997,2.361051647419945,3.850126920752009,23.1283976520312,98.50617790489312,169.07069814583645,70.56452024094332,150.63667926085455,22.368187979413936,1.725186681332621,3.9617628946102257,25.830122191536205,99.98256656101762,173.8101082779393,73.82754171692167,152.3519936472934,23.57368469483955,1.6890914702883215,3.543191083744669,18.61250928339345,4.936237973008986,3.2630214759783485,6,0.1507246376811594,0.0108295625926476,0.0248962655601659,0.3473718254027756,0.3331042260696042,0.0248962655601659,0.3242925215673093,0.3456299096561581,0.0248962655601659,0.2591257104171113,0.4023512163209169,0.0248962655601659,0.3053212895553772,0.3720752892193819,8.125527316484073,-8.70815407687564,-1.3170721466185258,-1.8689966142728212,0.964795626749514,1.6236031248450034,1.3150749310536607,-0.40690821080252,2.487893738606961,-0.3405987082854795,1
70.75767008611446,178.32230663335548,107.56463654724102,147.98856719415596,35.39486784223776,1.7411349647534946,3.187724089406391,16.13803918209129,70.40787052784368,177.72721741940111,107.31934689155744,147.8686389348404,36.80395578706658,1.7598312107077057,3.2601272025596995,19.298536379841963,79.36076441404236,166.31538087753486,86.9546164634925,141.36989594391005,27.30880883425998,1.418210018105644,3.036423343674961,19.662233738292457,78.35307893053339,165.4182685671233,87.06518963658992,142.6877870207077,28.40887563740735,1.4261384675033215,3.131744881305781,17.58801537195575,0.2452896556835924,0.1105731730974213,4,0.1545584045584045,0.0086061581008508,0.0213675213675213,0.309143688842808,0.3055167959688891,0.0213675213675213,0.2992163220686011,0.3093478182075126,0.0213675213675213,0.3232596783985472,0.3258281502778343,0.0213675213675213,0.3264769058242323,0.3311696772450523,6.162356952595403,10.52207734474894,-8.509579801294624,-2.065428487331837,-0.6324825863739169,-2.171438320069257,-2.473103701741763,-4.182391298914858,0.9790365273264068,2.2659459429763813,0
92.91299479934496,170.45489480449837,77.5419000051534,139.09924056679245,25.051492810735496,2.2189484617672184,3.737809039745217,21.059023101502177,92.61564281723584,175.56653572629114,82.95089290905528,141.24572055671885,25.950168050935567,2.1382665138596204,3.44188255299774,16.62312764207553,91.00593233554112,163.20988286686466,72.20395053132354,136.58929549445705,22.1186999178632,1.6527812008227554,3.093883781986588,18.085027719752475,93.33414890479744,163.29859682400624,69.9644479192088,140.88854006696658,21.71067564395865,1.5821444313008863,2.983442921376434,15.850679982863484,5.40899290390189,2.239502612114748,4,0.2092534174553102,0.0053617450195507,0.0253164556962025,0.8227525096421904,0.2015633303251849,0.0253164556962025,0.8200392508496617,0.2024928213319866,0.0253164556962025,0.8015144331885429,0.2189170604122691,0.0253164556962025,0.7565743643577723,0.245685685048781,1.8198461725183084,2.715817699618562,5.342104673917135,-8.000850048340473,3.5291520062410298,2.4267588175964248,-4.431907416505692,3.7516273522329566,-5.288544002663282,-0.9510552146605212,1
111.76459173112788,175.68456469282629,63.919972961698406,148.01340058128525,21.576203737949815,1.8280879032133663,2.505193315279373,8.244583017977789,117.4209587042272,178.0785887903539,60.65763008612672,150.289423171069,20.74706861498554,1.6626679972031893,2.200973989784549,10.335782344733843,132.42692773790256,160.9406589482497,28.513731210347142,149.7726891996822,9.517807506650692,0.8090330414831611,1.112753110573395,3.342126879533197,133.32081562552776,161.8093183651145,28.48850273958675,147.9413048631706,9.19555328405989,0.7721479837583076,1.0741294864481157,3.597548363943588,3.26234287557169,0.0252284707603962,5,0.1760670731707317,0.013002074778378,0.0304878048780487,0.3724898723386511,0.3220835557958529,0.024390243902439,0.3614665693652111,0.3117917673010583,0.0304878048780487,0.4249771905015301,0.3196859529367362,0.0304878048780487,0.3969919685888717,0.2914048129467849,8.11831747479624,3.776171154549752,2.456418007682104,3.411388834389009,3.2473344582452035,1.6457409226055066,3.638423791456421,1.1983393868869563,-0.5657702529017152,-1.4390251320474006,0
35.22144380349975,179.64854252863245,144.42709872513268,118.15435294286335,54.78738377238497,2.5257681661649865,3.791404262741115,19.763143998554,33.00916475683128,175.93248718744437,142.9233224306131,116.63074699456013,54.78737591058858,2.4285152403284176,3.655906766337627,17.300526032959795,46.71999853144552,170.5519997906754,123.83200125922988,118.76837615562376,45.99943730268333,2.031086793566371,3.5469916128890966,23.69986331260208,47.17016943389204,168.39636861813707,121.22619918424505,118.52657004232776,45.64263865790473,1.98814637970824,3.5392713124076427,22.36774302434503,1.5037762945195825,2.6058020749848367,6,0.1427769985974754,0.0086639243823172,0.0168539325842696,0.6770434316572838,0.2318018862918751,0.0168539325842696,0.6696657689603694,0.2319960140236864,0.0168539325842696,0.7023762022409428,0.2253347807604827,0.0168539325842696,0.6864112777706949,0.2313335964485995,-6.458972880962432,-15.359285979392194,8.463038664765257,2.499787261332932,11.059875524682518,-9.064461410605796,6.863932300574452,-4.810136024553359,0.4750812515930437,-1.382631113916477,0
49.372828171116126,173.43541291279666,124.06258474168054,142.466199379626,29.83914998124221,5.2035329355479965,9.989230192925756,77.41530500621202,64.03443249891252,167.54680440689114,103.51237190797862,135.21775223181385,30.419839960878896,3.7095146982274008,8.072363349843439,56.29082941705457,31.00985927578603,160.15951236814357,129.14965309235754,137.58202850634095,23.745447436621102,4.632780453964677,10.054946139415511,71.23713104760304,49.096862277551736,160.57023368636305,111.47337140881127,128.21985697347034,33.02545694037465,3.8310475654169336,8.629018927872625,62.72122782223413,20.55021283370192,17.67628168354625,8,0.1085615593387614,0.048853947801786,0.0207612456747404,0.4981195821836615,0.3993403463138479,0.0207612456747404,0.4824906019810637,0.3929377490905192,0.0207612456747404,0.3187199693357248,0.522494352350321,0.0207612456747404,0.4511193068084971,0.4004397151258821,0.8776723175624609,3.153763802410752,-9.138684584388342,1.888095733811524,2.299871381918737,1.267349522594232,2.919996539472416,4.278155681028051,2.420108364104692,-0.1142717980416458,1
40.45388727816705,178.51599724239813,138.06210996423107,127.52711962821144,50.82376177026746,4.131984150566828,6.245244175510247,25.02975924030677,47.94253616746611,177.7514355246024,129.80889935713628,130.33377746070053,44.59665628288188,3.820736033332268,5.898436582023797,21.47514091879428,19.34498829437745,162.3224938864844,142.97750559210695,111.81496626742702,48.7855393003524,4.147708825972413,6.447043985139276,38.92034161586835,36.369918796427456,160.26161527926956,123.89169648284212,115.39436908649851,43.29464395583912,3.7871503680595615,6.0299222090681095,20.383460278203017,8.253210607094786,19.085809109264844,6,0.1286652078774617,0.0105759702175882,0.0263157894736842,0.4150703508839711,0.293613525856829,0.0263157894736842,0.4018343003568714,0.2957158273313519,0.0263157894736842,0.4214950717105681,0.2961146492490165,0.0263157894736842,0.4168907418937002,0.2980242504202666,-6.10821289982943,-2.7340824787749898,-4.737024417587022,7.92634772100176,14.98365001671155,-4.410702105594427,2.09377124422292,3.16195719711101,3.964782298051191,2.607430718627205,1
49.16699289008735,179.60085707414785,130.4338641840605,128.712371017367,45.10525635378037,3.411958686808859,5.592166189965248,26.76443126909158,53.93176186107059,179.21039354195622,125.27863168088564,130.9324305643774,42.835168160762606,3.27858541244762,5.459082125797098,27.2924226483661,49.15402522229024,165.18173393770124,116.027708715411,120.52256342542678,42.245720472328046,2.916693621960883,5.192154268214787,29.33403174254559,50.50847868283029,170.1465652554282,119.6380865725979,120.65282439042656,42.39802246291793,2.9308127051081074,5.157924549574261,29.0141655492596,5.155232503174858,3.610377857186904,7,0.1255940257976918,0.0369915348970136,0.0244897959183673,0.3930690777820517,0.3149403900681317,0.0244897959183673,0.3836608698395323,0.3186129047505373,0.0244897959183673,0.4252775588385468,0.3005779472673356,0.0244897959183673,0.4240772560094664,0.2985688473953269,-3.2523163939497213,-15.892124654543045,-7.303536315283483,-2.357144437956004,6.176230184987065,0.0967200767970753,-0.9161684361221396,-1.1369948857535863,0.4003545908985901,0.0445673417734251,1
46.25784365648572,179.37556249674344,133.11771884025774,125.26303571242212,47.66398675671094,1.948256544739948,3.493126978290837,19.564318320936835,45.467249175344215,178.60768377435417,133.14043459900995,127.31366528822922,44.87930050413274,1.9039160448273644,3.308911557763453,19.54945723364547,49.63054669390696,160.90471304207435,111.2741663481674,115.83465286911049,39.587717661843605,1.6194033798381713,3.1131011795406813,25.3007745832096,50.60312418473736,164.03165956419522,113.42853537945786,117.38358104208476,41.70987754386292,1.740757118404438,3.2494770506405826,19.44983721370349,0.0227157587522128,2.1543690312904573,6,0.1464646464646464,0.0089637572471206,0.0151515151515151,0.5427416330934705,0.2711298417333745,0.0151515151515151,0.5789850536141515,0.2600947705070742,0.0151515151515151,0.5754639092353178,0.2725395091906269,0.0151515151515151,0.5940709450098316,0.2618196553885342,-5.330150060661508,-8.580188168308105,-14.498301280459062,1.4680540172434442,8.285302428194361,-0.8390081609140531,3.545397556862904,1.9339862415540208,1.2273376088583503,-0.2979112759839455,0
60.84745171632071,176.90170087903027,116.05424916270955,139.12639928997527,37.68160821105948,2.864421216942769,4.385232935615923,21.20739926891784,65.3779969759952,178.2770515209256,112.8990545449304,140.03437703200112,37.610344974565656,2.6932026862555745,4.089854158274784,20.554729687478652,76.18238885809413,163.84270694017272,87.66031808207859,136.86038181277272,30.56234327510344,2.0269604844322204,3.7609442032942,19.85186858170519,76.26309053862796,163.69917593054842,87.43608539192046,136.48960580074643,29.84181263004315,2.05903348211104,3.6178689575643626,17.494051531662294,3.155194617779173,0.2242326901581322,6,0.1553319919517102,0.006285915232118,0.0201612903225806,0.5039544421473617,0.2807547688578872,0.0201612903225806,0.4904892756991327,0.2825012821284927,0.0201612903225806,0.4447656593153516,0.3026494757857425,0.0201612903225806,0.4426748845972538,0.3031361232509664,3.04433727823382,-13.597489355332725,0.8416312522514312,-1.407295042886829,0.8127705748769477,2.407759893768242,-1.3067886378228093,0.850114541332353,1.3254994867422674,1.1270957684971523,0
61.782995478669086,175.040326483125,113.25733100445592,149.73824906021312,30.95255151490782,4.012096751658842,8.108744377547682,41.61450549666272,64.40594870865577,177.0776380073582,112.67168929870242,145.7517961466712,35.65278659035192,2.958991932860853,4.936085464566948,28.462509344971732,63.585484432736415,174.08711270184952,110.5016282691131,139.88164617501778,28.56140150621196,3.0685203429583296,5.716514107490543,39.55502564501113,54.75723471668999,171.94896654899267,117.19173183230268,132.88041688608922,33.98513127854909,2.9194035221035373,4.763706599461351,25.018303864000544,0.5856417057535026,6.690103563189581,6,0.1407925407925408,0.0190287474423855,0.02803738317757,0.36772166502076,0.4332285153736285,0.02803738317757,0.4074956145728042,0.330690617888256,0.02803738317757,0.3248890506214548,0.3950405107746779,0.02803738317757,0.3670474497867189,0.3289397436708615,3.537265635847468,15.079132834436455,-2.897014582113766,-0.0862025342768936,0.5759716564339906,-2.3070818007566958,0.3596005285243052,2.742526107124054,4.457478507444947,4.0928833392450965,1
58.19719639039354,175.45915290375964,117.2619565133661,127.22536308104198,41.03680765231125,2.1690232630123765,3.751073955392199,23.48486026286569,64.68653345698536,172.50203017515784,107.81549671817248,127.89348289059704,38.88788818986028,2.0445100474661317,3.5662938631605803,21.58058952902164,43.60342782204142,166.02087497398318,122.41744715194176,116.5495501156886,37.42695759362058,2.084893303099253,3.3230908539910757,15.777295379800208,39.58579923031553,160.68476997176185,121.09897074144632,112.4913578753752,37.651841638507136,2.1236291297632426,3.353140948829359,15.55478204440611,9.446459795193618,1.3184764104954354,6,0.1548780487804878,0.0186350082804099,0.0152439024390243,0.3720962528385259,0.2898446802172925,0.0152439024390243,0.3728588569937122,0.2930004442589893,0.0152439024390243,0.3826793970152896,0.2944544057917157,0.0152439024390243,0.378708444985286,0.2918179651181279,-6.504657976632145,-15.178111415216138,-0.4755975655173396,-4.850001731537958,4.366770746738814,3.273398481477141,1.4903434562460574,0.3389902715076744,-1.8758675017008464,1.7422952669396417,1
68.4752859475641,177.03735442311887,108.56206847555475,135.82300082556338,40.661671764459896,2.360157504052985,4.400674534067378,18.98912148640943,71.91025458628862,179.74914302849564,107.83888844220702,141.40275337026765,38.31324842075635,2.2863386940554644,3.9727091755728168,17.700991767941375,68.31856130043728,170.03570869844157,101.71714739800429,131.211912094857,36.19734762830208,2.1636143994109025,4.367195650025447,25.85056494975899,75.95185704517613,169.09719479767702,93.1453377525009,134.66369902926658,33.72563965549825,1.9081155374305536,3.7808959998754696,21.96982638809285,0.7231800333477452,8.571809645503393,5,0.1737472766884532,0.0216978042342506,0.0218340611353711,0.5423842754567624,0.2787239911271186,0.0218340611353711,0.5298349272042865,0.28207255890016,0.0218340611353711,0.5519378534792422,0.2942011740723474,0.0218340611353711,0.5664046085042154,0.2736162318707669,1.0301701878835836,-5.490145641091818,3.8587428034663063,11.966452454991911,-8.33713505791656,4.458997327231092,-0.427408875450863,4.897179225636453,2.4126677471259184,3.9267417401337137,1
75.37793307406106,179.32747147068085,103.9495383966198,140.97202300872502,30.96384433570319,3.920147556152098,6.239936176486338,35.87668709895684,76.40895826695969,178.85737765546412,102.44841938850443,141.34290868432953,28.831749454330332,2.667429469561411,4.381144184925967,25.95773424913139,101.705174376473,164.51995660131183,62.81478222483884,143.1301841936541,20.053333477267568,1.557326940197153,3.307426122151332,18.76620081411903,102.31216887626948,166.75897624651304,64.44680737024356,143.844183727365,20.630854611055977,1.516300583618993,3.019600550654956,20.236810481287336,1.501119008115353,1.6320251454047252,5,0.2019480519480519,0.0143886492247794,0.0208333333333333,0.8637311872469261,0.1523192693744204,0.0208333333333333,0.8848776339005647,0.1309624034017017,0.0208333333333333,0.7516570954036246,0.2376061036367089,0.0208333333333333,0.7699094157419374,0.2211340092524328,4.741000348744636,2.0994062532843327,2.2172506545293915,-4.001701160507758,4.274010697221508,1.7793338659524576,-1.0329809762676223,1.4596961058508124,-9.052574763599036,-1.3639499375044806,1
87.78852421019546,178.45570476049394,90.66718055029848,138.64607026646226,34.23470241599371,2.4090882802854083,3.8121245835162982,17.688144454837754,88.01730493952658,172.7592819885034,84.74197704897682,137.75424310521947,29.27843140587736,2.549758782174409,4.592908944254169,26.710700107388192,78.31534666163721,162.7577476857362,84.442401024099,127.8352910252312,31.2833998435347,2.198915073645875,3.8153231413495834,20.426471395543278,82.7007560854184,161.70956041626138,79.00880433084298,126.9076610679321,30.116730824961568,2.1443682942754747,3.995382051884128,22.690974794778526,5.925203501321661,5.433596693256021,5,0.2146017699115044,0.0157996204171301,0.0236686390532544,0.5933869401602179,0.2907890809087627,0.0236686390532544,0.5672176448919679,0.3193213263565044,0.0236686390532544,0.5759192040750224,0.3085760606515648,0.0236686390532544,0.5734548071932611,0.3139122718396174,-1.2732656770302293,0.5268433053663916,1.9399288542876671,-0.8715387590287489,-2.979543758291627,9.109691950352389,4.1273337080337855,-2.5683216830565296,-9.825587600209902,-3.417059326808672,0
92.21262418294664,174.45189781516498,82.23927363221834,143.56564219172228,30.111194837793303,1.699818378273109,3.3089253368514933,22.257699366127525,95.35979833175811,175.35133136637077,79.99153303461264,144.4591628373949,29.595687634257395,1.6261145383754525,3.244831522538276,20.250788717738946,72.87775884640861,162.13530299217362,89.25754414576501,129.2624811774953,33.11288993687135,1.8815283053285488,4.065328274424262,30.624953844508298,69.93815664002982,162.59655676669792,92.6584001266681,129.08604203093478,33.957721714614465,1.8564756512594287,3.769403302214624,18.977321602465693,2.2477405976056986,3.4008559809030885,5,0.130550621669627,0.0087467653657159,0.0,0.3090572249108985,0.3125830989907742,0.0,0.3089101243221187,0.318267183127294,0.0213523131672597,0.2844804415307599,0.3194004644421521,0.0,0.2975059107235959,0.3153629700508047,1.7215854656233904,6.147788074726061,-5.7002598782146405,7.823387017263597,-0.3523739745683341,2.454008290979248,-7.702234791135111,-2.568980671472605,-1.2037556851063496,0.8958000766410975,1
67.6408787611656,176.02255551128383,108.38167675011826,137.0475705152189,37.98066294328981,1.803269659937143,2.960801308033421,25.13778872841397,66.18309517090636,173.44992762360263,107.26683245269628,135.71245577308878,38.96968206005945,1.658816567099944,2.8305639508504377,17.8316619225389,76.41186451696194,164.98909333629484,88.5772288193329,135.42921260231137,30.625971471433044,1.3122547515062226,2.586205927819518,16.069503963324124,74.53976820891471,165.0302501676895,90.4904819587748,135.0265116698867,31.16627164870082,1.295049820144073,2.704139686001863,19.620136711563347,1.114844297421982,1.913253139441892,6,0.1245283018867924,0.0172085064145685,0.0161725067385444,0.301228280800344,0.2882375868141825,0.0161725067385444,0.2837740899117686,0.2873913253579956,0.0161725067385444,0.311852873255684,0.2880084962134125,0.0161725067385444,0.3086393527424522,0.2896083952977876,1.794258049179095,5.652998149981351,-7.786711568197745,7.383400307823398,-1.6420088254410845,2.6974827062328828,-9.030983964048051,-1.2904940283289492,-1.0189426607687655,2.179611749067873,0
50.32176200160732,177.5120426290951,127.1902806274878,125.57437223999504,46.08150976689698,1.6134656821499798,2.700286082535721,19.59235416681957,50.20107431008328,177.12408601131486,126.9230117012316,124.66768012988568,46.80187626693947,1.7480832460279292,2.9565793280956814,22.748029675335616,53.95909861157913,174.141707371161,120.18260875958188,127.03979274706607,43.19027164549148,1.45107664041651,2.9047798606033357,21.601605433178463,48.833131269939145,174.39900057583807,125.56586930589891,125.84705092302706,44.64918292191626,1.4903073755652234,3.1854948319906526,25.4738002640767,0.2672689262562073,5.383260546317047,9,0.0956429330499468,0.041730401521938,0.0106382978723404,0.4422815190571278,0.296969689249293,0.0106382978723404,0.4438226147798831,0.2937304121248237,0.0106382978723404,0.4792970268600913,0.2895472035499347,0.0106382978723404,0.4814073372258702,0.2884081568802755,-2.289861401297081,-14.508919623139636,-6.9782537947715095,4.189707442087395,-7.298723283813585,-4.4381966260207895,-0.7669619904437119,-1.1139536944305544,-2.428968183634081,-0.4477860923167803,1
58.85205108078387,179.74382554156597,120.8917744607821,144.58283669561342,36.21464655072885,3.792104809999282,5.421350631855127,35.6421216305358,64.70006450058236,178.95230843565355,114.2522439350712,144.4697588366985,35.41819840690593,3.7078915937374295,5.656970016960551,39.35588048043135,57.748319230788674,169.84857964520586,112.1002604144172,137.36527953654638,34.75680283972543,1.9776471588023372,4.0611719222351255,38.00979799231672,53.24141191620287,167.70676459524717,114.46535267904429,135.7073233552702,36.59415608279984,2.160885202727331,4.676856904699014,40.43351811706515,6.63953052571091,2.365092264627094,11,0.0846381093057607,0.0381656574425114,0.0236686390532544,0.3707177193600929,0.3347866189132977,0.0236686390532544,0.3885879902119793,0.3446317633088942,0.0236686390532544,0.3938144585217638,0.3212858900484517,0.0236686390532544,0.3936846580208106,0.3255461157225817,3.0926835822763645,1.3523920733938075,1.584352165041024,2.7912788900665704,-0.9426345153828504,-1.0426519962886598,-8.498466228928132,-5.92509914928778,5.918325972135894,-9.550254624960736,0
77.86355594159447,171.91392006769706,94.0503641261026,140.5405753685721,33.132038737376114,2.069376376259812,4.203969495454888,55.743731228236825,77.82885092145722,171.24916284383707,93.42031192237984,140.77965959756474,32.35621833902019,2.012196887342113,4.486793582945512,70.95075026438577,92.69670293656796,168.90568380739896,76.20898087083098,143.10672024034363,27.23326911624627,1.4397511204381028,2.9465463502613103,24.8879202178953,89.17182615885588,168.8399971670103,79.66817100815442,142.04676439111648,28.474779800085017,1.5462120334300076,3.2951830384888123,33.462342131689354,0.630052203722741,3.459190137323432,5,0.149099099099099,0.006786720348342,0.0216606498194945,0.4022239323811605,0.2857708276582124,0.0216606498194945,0.3933808097937499,0.2868620318363877,0.0216606498194945,0.3939011477907657,0.2857843844814475,0.0216606498194945,0.3734473092581649,0.2919594880431926,4.597566122365839,-9.15706730105226,8.007909880952619,3.3319403788173707,2.043592731187902,-1.1025045483039375,-2.4071733839988947,-0.3680148623315699,0.4864777957731714,-0.4608598590539219,0
60.18690514685145,174.67210053458197,114.48519538773051,130.90646652666842,43.50138688983024,1.9732336661873335,3.63985448950604,23.84537504949748,57.18503218689463,177.42622869609332,120.24119650919867,132.24589059551235,45.60816241548539,2.1321714097053164,3.868149389112396,23.30885081837141,59.91909453100444,163.7485005490269,103.82940601802244,124.04963817381868,38.165883609608976,1.78577964820437,3.7209578710612976,25.739858348132916,57.8398344137125,163.81857208615008,105.97873767243756,124.5228855791563,39.088477668137934,1.8603681584593947,3.614931046230104,21.287099390425084,5.75600112146816,2.1493316544151355,5,0.1632401315789473,0.0042533225463769,0.0164473684210526,0.6076875426975835,0.2582184164581668,0.0164473684210526,0.6143675668738855,0.256691129215253,0.0164473684210526,0.6264515852151533,0.2583348174498621,0.0164473684210526,0.6401511024626083,0.2539980890213156,-3.353049716264275,12.904895216710216,11.76800056453834,11.023384257846544,8.070065576948405,-1.0686797095418836,1.1354526760447434,-0.2238266323227649,-0.4592049902902855,4.453052130304243,0
23.78634214734257,176.35436981205902,152.56802766471645,111.59403635647392,54.640481519101385,3.5949941244933594,5.189168623502169,32.40821534753794,20.330565673989646,179.85361589198854,159.5230502179989,114.57618780800097,52.67226587515356,3.780482670976663,5.495956665479089,30.09162124922893,32.892395089122466,165.8652280511809,132.97283296205845,117.91822524874226,43.15953178921313,2.739290356958053,4.364536494425305,28.81331790702103,36.245818151008656,167.0635060213882,130.81768787037956,117.13333060350134,44.14642764598248,2.886715273656487,4.792450672872629,34.23469547287303,6.955022553282447,2.155145091678889,6,0.1634194831013916,0.0065816880148098,0.0199203187250996,0.9211912182051916,0.09015231711995,0.0199203187250996,0.9197250010567196,0.0927246793153868,0.0199203187250996,0.8662221818076132,0.1350464653349744,0.0199203187250996,0.8860019569398798,0.1223003137749588,-9.055814305129914,-15.57822016142197,-3.850383644535981,-9.42819425449548,-11.191422403299867,3.5055059094262355,-3.3713337916805224,0.77355009769332,1.6811162169843086,8.469160948526701,0
78.37706605810025,176.2205114936375,97.84344543553723,144.42860170327677,32.412464202339734,1.1310861146110665,1.9365819436509029,12.173291723836796,79.20599650212405,179.901552579797,100.69555607767296,144.21841256369223,33.454584545221365,1.155908276208682,2.1136547631981752,16.88151434816784,91.76103086820125,164.9858312837751,73.22480041557385,144.34779184394793,24.420990014840186,0.8014338663192755,1.8654795541848324,13.576274239276756,90.79805950025136,165.37748616199772,74.57942666174635,144.66034629211606,25.838894889062143,0.8300400058569988,2.036619950813286,15.075311467168987,2.852110642135699,1.3546262461725007,5,0.1240681576144834,0.0193826141887127,0.0149253731343283,0.2381933527555427,0.3562552509141102,0.0149253731343283,0.2427057550985605,0.3572347967931721,0.0149253731343283,0.2672897427324675,0.3738408964167839,0.0149253731343283,0.2627306583907697,0.3738210215063393,6.115481360626836,-0.6633559279610834,6.0409622838519095,3.2407912727488566,-7.587467355644055,-8.169109181990446,0.9862653627253374,2.230044765824128,-1.3764568053027793,2.0952777749910485,0
64.87322305806477,177.14263868266448,112.26941562459972,139.16015362506394,37.91284562389243,2.9220129549720166,5.106804513011982,58.85217996569102,59.194112714663454,176.53292850132843,117.33881578666498,138.71472771042323,39.35300495160162,2.91188523788586,5.556478613799422,76.38660579895155,50.61493621861472,166.77692014074586,116.16198392213111,130.7806276616781,37.87989167151623,2.629169977386085,4.297369026748947,18.864670542090465,50.00065113719443,164.45245406764056,114.45180293044612,130.47905185652988,36.93443591256855,2.506419322166683,4.306121275125997,22.486833961527523,5.069400162065264,1.7101809916850073,5,0.1479591836734693,0.0033123508481182,0.0223048327137546,0.4672198110349708,0.2864707166717936,0.0223048327137546,0.4442709951012664,0.289772577335146,0.0223048327137546,0.4587028223368295,0.294697198617611,0.0223048327137546,0.4532024419031046,0.2987102667370814,1.422993282157957,-13.559199844396083,-1.7492383065192476,3.0284257011988207,3.772895204189288,-1.0367675019350844,-3.239067272418184,-0.0091633102958659,-0.1197392186253426,-1.5284997734822798,0
73.53346862024925,173.77270554651307,100.2392369262638,138.47291952693303,31.36666573930939,3.5131286727295183,6.383510734139911,39.47686772678253,66.2768977086156,176.80162921095035,110.52473150233476,137.92877365908305,34.20471834345244,4.044532804050113,7.421667739258372,40.38295109693189,56.58372689862228,166.02429107664398,109.4405641780217,124.15669033647664,39.20568753563097,2.906618706975031,6.040607162643176,43.680035202127954,55.42869530755949,173.37889231594863,117.95019700838914,125.97084470307018,39.0224610157246,3.0897675519724555,5.923823248188267,29.0611677073276,10.285494576070931,8.509632830367437,10,0.09780197620488,0.0334586949516999,0.0181818181818181,0.4002093353026064,0.3488684171838341,0.0181818181818181,0.4228300131357498,0.3566459930777966,0.0181818181818181,0.4555924453737778,0.3184336593924091,0.0181818181818181,0.4615081973933802,0.3069087403615099,-0.8346363255476694,-11.776697691747836,-4.275116141980214,2.505499306154621,-2.613264225589841,-1.7371312080230703,-2.5986696299258703,2.5781254909802263,-1.457986186301805,-1.584886840158566,0
74.26115943459293,176.49191559012812,102.2307561555352,135.73358072047162,34.35285184329386,2.624142916879147,3.670281391806652,15.70846491588523,71.73298568348456,178.42778207183937,106.6947963883548,136.4461504078571,35.25643762800617,2.5371818368173518,3.639653618505722,12.817823949147469,83.97177325062775,170.19773934354075,86.225966092913,137.34725013679747,29.172441975531157,2.2699385038348847,3.766432386187699,17.9047139425883,84.2212640146925,169.90017515151217,85.67891113681968,137.8421050069091,29.20588986563045,2.2321048503187564,3.757657125812007,16.289784715518294,4.464040232819599,0.5470549560933193,5,0.1489361702127659,0.0088208106126473,0.0319148936170212,0.362632713741698,0.3208936466650131,0.0319148936170212,0.3264482232398984,0.3244290976551336,0.0319148936170212,0.4578120450780854,0.3090498050905446,0.0319148936170212,0.4503700477136169,0.3116549129621371,1.999145110746425,-2.179519420437626,13.431204785182532,4.015224167588147,2.404706408673,-3.188238098958202,-2.8413235124903427,-3.34783734408069,-0.391378374290627,1.2990512340403968,1
50.22177110845973,176.58834589588454,126.3665747874248,138.9432576684112,41.39458279115548,2.2803464779876874,4.010485015675588,23.57323388338932,46.040169230221856,179.8190955991085,133.77892636888663,142.43164846428218,43.41080919486421,2.218227750441701,3.744309079198826,26.192297304374243,47.729228591615225,166.6889946385549,118.95976604693968,130.55959022889866,39.9432134493671,2.1053004158213287,3.88482200130311,25.1661987799138,49.79753996638958,165.59731633915192,115.79977637276234,130.2669948007447,39.868371359695495,1.978725406336902,3.6248304221453,16.81650018317265,7.41235158146182,3.1599896741773392,6,0.1572368421052631,0.0934268437789919,0.0,0.3939998523100377,0.3062617406887329,0.0,0.4069930807958885,0.3016814196765641,0.0,0.4250554288526092,0.3035564030577357,0.0,0.4219881165568281,0.2991974338615394,1.8400535992886171,-1.1148667632560072,2.760498089295539,6.997161275314684,1.863780998234957,-3.6319112321195854,-11.1515449145011,-7.751581814257454,2.9194704367451,-4.046386994535069,0
54.37091565092303,166.0130937128965,111.64217806197352,129.37943970297812,30.93944367316113,3.7013103464887664,7.752406032834456,74.17515208323012,66.03335198048278,175.54006588374713,109.50671390326436,135.98067453889809,28.747305486427933,4.293735317333682,9.995896065449497,85.57270533176008,66.61118543254935,166.5733265600803,99.96214112753094,124.56363846687393,34.12210314974628,2.992976819722389,6.036848387286184,41.898605694584674,64.80687087672034,171.16753229924743,106.36066142252712,127.32036939577353,33.6125142688886,2.786221580064316,5.325908867212752,25.693016790237262,2.135464158709155,6.398520294996175,10,0.0662635424540186,0.0283980908109959,0.0,0.3379865976105573,0.4381137508397106,0.0,0.3253755875626377,0.4898136105478076,0.0,0.3699334147058755,0.3895697070397845,0.0,0.3542730008078447,0.3697344030962763,-1.76767387423912,-3.7108710368123914,5.77705873609145,0.8482406811724212,2.377087896538654,-8.097438702536527,-0.4197551096003841,-4.772337261339082,-0.3931916268533157,0.5350315246732719,1
38.67144606618784,177.13053390543064,138.45908783924278,128.47500849332326,46.464974623017575,3.550401630886176,5.527690398771426,26.34653533482285,39.14710676226262,179.75762930265,140.6105225403874,128.27556358116772,48.03857282051446,3.4039671053815184,5.336705675494044,24.37399106753153,50.23594751102653,173.4653789216895,123.229431410663,128.6005248642251,42.33712878118804,3.0557420522167504,5.69430502384428,34.61351879691149,48.630977047230125,170.20659361950524,121.57561657227512,127.04233848531696,43.39799860426733,3.0568657933434555,5.80762681427781,39.72609422537976,2.151434701144609,1.6538148383878877,5,0.1410714285714285,0.0079637429525355,0.0285714285714285,0.4331098712353775,0.3147368321515502,0.0285714285714285,0.4241210599504071,0.3162835041699495,0.0285714285714285,0.4548036537370424,0.3274484058242303,0.0285714285714285,0.4426686599642274,0.33458826284918,-1.2447168559031356,4.165175138927972,-15.334322161403271,9.087778136227378,-5.255749901144455,1.9103517813092767,-6.532735360369996,-1.1315995535160452,-4.7870364980536095,2.6240102843004265,1
84.58824405587261,179.37288977262065,94.78464571674805,147.62398600237523,33.61158578604647,2.01624346129749,3.253172111485897,20.878390953329188,91.21298398811768,172.30061465840964,81.08763067029196,148.01753728420297,20.66423804094641,2.860137668540545,5.161666897647119,29.9660141801959,102.25216832817796,163.33358672902116,61.081418400843205,144.5637830224553,20.32182104492336,1.0670854062130268,2.426940446028796,26.60970372664656,101.41122689031364,163.87956994448908,62.46834305417545,146.01278843837517,20.791761358640667,1.2713420383140988,2.6328797323415314,21.29658764239946,13.697015046456087,1.386924653332244,5,0.1475155279503105,0.0072000143598569,0.0186335403726708,0.3596829221228705,0.286476067125694,0.015527950310559,0.3255999327397904,0.3851862560819938,0.0186335403726708,0.3856931030133068,0.3236995395857516,0.0186335403726708,0.3674825769958967,0.3326557647699596,7.245078582317077,-7.339538839465754,-0.6716563908925268,0.5948698270030469,0.9563963494280114,0.9268537472512698,-1.629758593552292,1.6385676292039253,0.2649612334820551,-1.5997376443249154,0
76.97693455980377,173.0854123091187,96.10847774931494,135.92098841710373,35.03694897354516,1.151687191902569,1.797266418195406,10.975459319756313,76.245628494649,170.09499130407912,93.84936280943012,133.55327227461711,34.25824565314387,1.132539868491915,1.7481526752131469,11.2656374109863,82.23577306346071,163.89683143803904,81.66105837457833,133.72593112135314,28.253127815646813,0.9313689388459284,1.874476542136564,13.021353979750614,81.35265336167997,164.8073031357422,83.45464977406222,135.36297231559652,29.651780281221527,0.9722118000088688,1.876154890845548,14.573386697707887,2.2591149398848245,1.793591399483887,5,0.1623134328358209,0.0050138418832702,0.0124378109452736,0.6122275955496569,0.2379477393477248,0.0124378109452736,0.6253498543897541,0.2312011946533639,0.0124378109452736,0.6212248861265629,0.2515103995269564,0.0124378109452736,0.6335247644980333,0.2412010152226527,0.143865596403792,2.8475513494141005,-8.75316075106732,-6.3371664301602255,-4.928327920128912,-4.996025612114938,-2.2130550798708817,-1.494025822556119,0.8105061391871429,-2.702104065653524,1
59.185799516191686,178.9974172553915,119.81161773919982,142.22921944299756,41.97503310070928,1.9166376931236837,3.2147889437410115,19.1933052345058,58.58908807685288,176.44476373402247,117.8556756571696,140.5241442858066,40.87509879492498,2.031741048057766,3.2834192115173804,15.109155281004943,61.9411012346402,169.7420833441194,107.8009821094792,137.01739200013554,36.872151761307855,1.507891296152019,2.9609434238752512,21.09794771969095,60.34665231965107,168.9497062460001,108.60305392634902,136.2051460824929,37.76036213708836,1.4999237288442175,2.938075929681785,18.455213286520745,1.9559420820302196,0.8020718168698124,5,0.1204453441295546,0.0129573983601022,0.0,0.341598446089011,0.3122693660634079,0.0,0.302818022566409,0.3155005146262587,0.0189189189189189,0.321741566513303,0.3144610773692338,0.0189189189189189,0.3109124409152506,0.3154324741597887,3.933024882954736,-2.180281916899142,5.534677272535025,3.1619902381889124,-7.780477220293806,-12.440924146723225,0.0362428869457767,2.1269311994932454,-4.759866869844093,2.5650197196431144,0
63.59991058432825,179.81150399564902,116.21159341132076,145.0536059444867,39.361180464199165,2.407046970470282,3.845949793556187,16.07730156014027,66.86078256994838,179.9085201522066,113.0477375822582,145.792047419642,39.496754023629975,2.096191817910196,3.235108831465577,20.186270717840955,68.7846170775775,172.6763013885732,103.8916843109957,140.73237822435328,36.30645617182766,1.6860051542717185,3.0414041717631832,18.303097597918622,67.29358990783227,169.66373824313237,102.3701483353001,139.85981603882738,35.54451830884986,1.633352867074893,3.075802875694725,23.03253056893388,3.163855829062556,1.521535975695599,6,0.1126408010012515,0.0062327407249004,0.0200501253132832,0.4111440110089585,0.3121742280354183,0.0200501253132832,0.4143781519140056,0.3117691470781685,0.0200501253132832,0.4366661734259446,0.3079261460051938,0.0200501253132832,0.4385918457501265,0.3124105265570127,5.46097490175518,4.973603170394852,-0.1731748276949368,3.423699737599121,-7.07948789205677,-8.971039837663797,2.391004013274171,4.095622479514631,-5.179836367712334,5.837978487797884,1
45.99946042873944,179.91715015207413,133.9176897233347,132.45732937754562,49.33843853522586,2.350624493775351,3.890406244602833,21.992490217402636,44.39825912695813,179.75818746782906,135.35992834087094,134.11051966555883,48.57021129503681,2.503829869433086,3.887413519617338,19.37999249560582,51.49827642608725,166.83319863594684,115.3349222098596,126.03489506803416,43.087333575980125,1.838930847543789,3.4407492231624186,17.412972266913897,48.9889676557624,163.52105631208667,114.53208865632428,126.05973985374808,42.21917596427806,1.9510119248667104,3.6587684884644185,22.54485586946789,1.4422386175362476,0.8028335535353222,5,0.1308186195826645,0.0051389440107807,0.0,0.3187423129080082,0.2945742162644857,0.0,0.3233952257446846,0.2916384979752999,0.022508038585209,0.3030166884475962,0.2975865197494165,0.022508038585209,0.337479771212626,0.2994633822091037,-0.7296628072370746,4.666256284063249,-9.009436783885624,12.85302785995914,3.92975544351998,4.129024753016951,-11.02194427759097,-5.21428609111785,-1.3816912008475513,2.8674967052264293,0
67.32578336225271,173.24480986960737,105.91902650735466,122.94000052894675,36.75067936097975,2.0940625999214766,3.697632799663421,21.023830607553705,63.80070069669108,172.7085423912918,108.90784169460072,123.33208831002578,38.9596422852776,2.196031664521838,3.973197641930289,20.11621507480632,46.92054812974334,161.6184370171002,114.69788888735688,110.11903309468204,41.350535147089616,2.2072180179899696,3.992763014272143,23.729156757170088,49.70785807786687,160.2317203600575,110.52386228219063,111.66028471298657,40.327527219205216,2.133380927026643,3.929122391017277,22.66332823328625,2.9888151872460758,4.174026605166233,5,0.1778455284552845,0.0065072400786919,0.0203252032520325,0.3621730368271822,0.3023713118863567,0.0203252032520325,0.3700424614101665,0.2925336387016718,0.016260162601626,0.3745177844950151,0.3002806560899068,0.016260162601626,0.3768832138744134,0.2968167283420421,-8.750631785159168,0.1319530483249706,3.649485066795276,15.867000601373908,2.493823093125749,3.650342368319515,8.192050001420554,3.951567234932349,-0.3104481924216642,3.2209958432499715,0
76.54983897705462,171.8734752244981,95.32363624744345,133.0476909412755,34.6024478972944,2.6435247763751484,4.165920083980901,17.12643620552683,74.81175726249508,174.2374006681349,99.42564340563985,132.7506977261605,33.96782159309468,2.641235704672805,4.111207003307123,15.456666882058585,87.17957326956923,162.83664774803827,75.65707447846904,137.3762215809428,26.533590651713634,2.021191737155592,3.615331806832448,14.932086511105696,82.23475655447206,161.73253125933854,79.49777470486649,137.03692960294072,26.948326486619216,2.051847284504845,3.790798162993805,18.71856396750495,4.102007158196386,3.840700226397445,5,0.1933139534883721,0.0025175157086756,0.0232558139534883,0.7591985658794311,0.2187068995641048,0.0232558139534883,0.7473404979207517,0.2242470821562304,0.0232558139534883,0.7503901782212814,0.2224483843767518,0.0232558139534883,0.7369400499294184,0.2305648251971905,-0.4051675390615548,3.450270465586624,5.919169342261068,-13.116164264670712,3.3417368908734923,-0.9861568482061952,-7.989047177594196,0.1487297087361636,0.1584838833847207,1.900397152597476,1
80.44169992809613,174.5492156539676,94.10751572587148,127.54710165024228,31.806474075688577,2.4488814911646783,3.611315602034311,17.233696373142024,78.72185996966435,174.65194789042448,95.93008792076012,128.523488429145,31.385037792792605,2.7508991188932925,4.426128469344763,28.83366643699433,59.34505215473506,162.40272637243262,103.05767421769757,109.63322644192836,35.74156516889534,2.663399867495293,4.1398763984801406,17.020043285866166,58.47378229766896,155.17300833567907,96.69922603801012,104.49904968217992,33.90073655247755,2.492580267098939,3.976590770190013,21.94975004899331,1.8225721948886644,6.358448179687457,6,0.1629629629629629,0.011686083522172,0.0247524752475247,0.7965351102649367,0.1697469586659617,0.0247524752475247,0.7868117344453054,0.1844965202356077,0.0247524752475247,0.786123608570804,0.1751072677890921,0.0247524752475247,0.7865675922443759,0.1833976476295821,-9.802056667265022,-7.940811300230714,12.013574798714949,3.0591822298103577,-0.2396164485916632,6.948681418073778,-3.552809979524757,1.0794790770666736,-3.161509980356796,3.468756826889213,0
2.879078692852375,171.32895136675052,168.44987267389814,104.18309007181936,26.976356681426264,8.407010402542689,15.39096323694186,114.59796352788028,36.48662366881655,164.9525222217861,128.46589855296955,105.3725758874351,23.51957061942749,6.198379677164412,12.138910395995028,94.34681405667796,1.7895092155950858,156.239810405483,154.45030118988794,44.1054406322082,26.317208477316832,5.898737582028845,11.53208347848202,85.35958036587884,5.539335004713108,171.21944796962586,165.68011296491275,59.67136614540077,34.48636709981191,5.634686795615727,11.60670894223221,109.32592460132254,39.98397412092859,11.229811775024814,20,0.0509009467576096,0.0172325078193564,0.0116279069767441,0.107233114745941,0.7091776510419562,0.003875968992248,0.1822324808635483,0.5819818425266231,0.0155038759689922,0.2207611054208889,0.6137790542616174,0.0,0.3100893487910974,0.4651069897624004,-34.649944520437685,5.483356324377037,2.7240450028397247,-2.36150265287845,2.4139416466013564,6.1610943466308745,0.0694068573767168,-1.3502014244686762,2.352835989531854,-4.558894494649063,1
56.16740679168473,175.4231743172268,119.25576752554208,127.06856822578128,42.82566007245448,2.4418038941186517,4.131055059889066,30.135856272506658,54.54053721607554,174.27564454617712,119.73510733010158,127.769155046787,43.74898684690755,2.694652967929944,4.256767638015333,29.7434029856325,68.9102196105468,169.61398116210202,100.70376155155522,125.28792019172792,35.87172810205126,2.031166275508136,3.5444045554933643,23.01055247765248,66.65211627966953,166.22136742385973,99.5692511441902,124.39867766131458,36.46728846109025,2.0767261188559663,3.4880427361143043,21.42078700624876,0.4793398045595154,1.1345104073650134,4,0.2417374881964117,0.0074353237714936,0.0170454545454545,0.8991308472240921,0.1118535950058729,0.0170454545454545,0.8830498241381626,0.1224277548532657,0.0170454545454545,0.9107925589345284,0.1046249760243118,0.0170454545454545,0.9047669609119998,0.1077151518563855,-4.213795786976982,2.405123729500936,1.6047914286293237,-5.866246939900934,-1.8248124523879208,3.270916548654891,4.912765232565606,-13.35958686547704,3.4123055488456004,9.954949769200972,1
5.835384064571569,177.1500790215286,171.31469495695703,70.85907244904158,45.21416121684367,11.804361067112394,23.44158794305126,171.31469495695703,4.711829580961713,177.64398814235037,172.93215856138866,63.82303198535003,40.36122859436626,10.63679318534594,21.09864713494329,171.5705345702577,1.4365133661314498,160.40840493297986,158.97189156684843,36.80149077464274,34.53620553087231,9.629414568880744,23.94634009857763,139.27289267287767,2.434185377692473,153.26227170549438,150.8280863278019,33.99352717980526,26.359428052010696,8.11625681322723,19.5640424150597,127.66912173385396,1.6174636044316344,8.143805239046515,18,0.0546787820819384,0.0181493351716573,0.0054347826086956,0.2519086448870146,0.5786486128495714,0.0217391304347826,0.1927792226423109,0.6326928754172878,0.0054347826086956,0.1157222776763729,0.7236898392324357,0.0054347826086956,0.121298960046095,0.7383680177338479,-48.85177916142805,3.559300897081275,2.3029331540785427,-9.435537006755103,3.823129904385711,-1.5064685496837429,-0.7427305367263425,4.668225231274967,-0.2165027434493546,3.826804818331993,0
89.94511239236276,168.54098627052633,78.59587387816357,140.11475733734878,25.502114570063245,2.2302818069571786,4.168118386156767,35.347475329097634,71.07217055803541,166.15453281787555,95.08236225984014,135.94716762178328,27.5606621362286,4.791668828697103,9.892274546733857,55.0108977396722,85.72014146121488,159.59025615067978,73.8701146894649,132.6994487937699,24.545875769102317,1.696312099883943,3.0094333260306776,17.852049462883798,86.83392640030148,159.31049138323175,72.47656498293027,133.03663672574976,24.407633550204217,1.7541609004348575,3.224676354506492,19.871309163266474,16.486488381676565,1.3935497065346285,5,0.2007672634271099,0.0240259516982812,0.0205128205128205,0.8091195812863575,0.1964394970641763,0.0205128205128205,0.7685549210717011,0.2732399674773658,0.0205128205128205,0.796979768708816,0.187887148713601,0.0205128205128205,0.7765822911161393,0.2081396552111568,0.9548929007050656,1.2946030883661148,0.743354567891895,-0.8437352127674759,3.178962540611025,2.191217106246897,0.0232628759118073,-0.5124062686447061,-9.516269292133584,-3.662649249596541,0
41.75539886166256,174.66671480650135,132.9113159448388,126.23360851376114,45.3691720234898,3.598325941644191,7.92533210521108,44.735039033431136,43.72081712139845,172.34646483344122,128.62564771204276,125.74016357723596,45.60072763574024,4.204618126988107,9.629975107897152,53.235320471242446,48.99301114358845,165.35909050199876,116.3660793584103,125.42543634252996,36.87901695865797,2.9372757262291977,5.830805052334763,27.920837168248468,46.42398924817572,167.83050908142673,121.406519833251,126.61784026490317,39.229829610811,3.5173576452588424,7.19366987711424,36.40261067132673,4.285668232796041,5.040440474840693,12,0.0739957716701902,0.038571664009882,0.0129198966408268,0.3889825328817387,0.3561701461112722,0.0129198966408268,0.3810536191405917,0.3625628441123364,0.0129198966408268,0.3714219446058747,0.3569162765372974,0.0129198966408268,0.3742435440951191,0.3575681005189764,-3.8745992930595614,8.20583334209328,-14.39045185529138,-2.4895949486173348,-2.70824298362324,-5.404124320295343,2.354762558836444,4.03147992166893,-2.6947238601573664,-3.489363480678554,0
83.98879494765451,179.34751981881877,95.35872487116426,146.5795592366917,30.91445002552021,2.077603956895047,2.957343264794824,12.608708152171786,85.6552320415347,179.865837907354,94.2106058658193,146.82765819289548,31.498110847864098,2.243062719310564,3.710590277857032,41.9568195703812,108.40945018022876,164.0866105072684,55.67716032703963,147.93505099674886,16.837372641494845,1.2108826815529103,2.284191422948842,13.595297315090647,101.50100586578708,167.4295531912936,65.92854732550651,145.0338045591618,18.91921966558962,1.2640080946318228,2.393307858507869,15.089193762918413,1.1481190053449524,10.251386998466884,7,0.1491963661774982,0.051315123185872,0.0210084033613445,0.6113664639868464,0.2840048631573452,0.0210084033613445,0.5825507665502586,0.3152618057601756,0.0210084033613445,0.6093143837200464,0.3068709316721353,0.0210084033613445,0.4929534507560527,0.3601356566431599,5.515108547529305,-4.232433718780454,6.01926385417142,-2.8935079637448986,-5.294218640052869,5.87311653797388,-0.9371113402864684,1.8176431148584289,6.851857260692583,3.637419802876509,0
92.51343106920694,178.6788841428009,86.16545307359397,143.5312787214936,30.41481264609755,1.8160710142646872,2.7340332963694167,22.32482748695816,91.99031433761505,177.5477677458867,85.55745340827166,143.6664235955133,29.42866293872765,1.740621090570654,2.5779431941771573,11.224399969570214,95.10804110532209,157.77282793409205,62.66478682876998,134.5932724444003,21.70363636348685,1.7724661424630246,3.199877433026208,18.12956228117052,94.32413654917453,159.3205421646572,64.99640561548269,134.2612924687934,22.56690682758363,1.724109140583398,3.0587721999393787,15.190898252447411,0.6079996653223105,2.33161878671271,6,0.1626943005181347,0.0063128383013806,0.0173010380622837,0.8550792594192363,0.1349212498594514,0.0173010380622837,0.8450260440626148,0.139928203020673,0.0173010380622837,0.7979112413681353,0.1913013311905095,0.0173010380622837,0.8342943253801451,0.1661364603072633,2.532521901796484,-2.678720961906933,-7.403541290195712,-6.5976949112888805,-4.711481564109221,-1.2505788325859315,-0.703502832765517,0.0431479517919943,1.3712762182047695,-1.0090121952071995,0
113.89416275371433,178.87670905456798,64.98254630085366,157.50031337609502,19.76365154354266,1.3861301901034266,2.071876459917549,17.76333565386696,114.8731140052252,179.59707995135557,64.72396594613038,157.7068960014612,19.32248546245103,1.1515791406989246,1.7334520659314103,13.138532039506828,110.67532247544192,161.773479368784,51.09815689334208,152.34380797199915,10.039139255567662,0.6005575925967828,1.4056698953191844,17.069384259950112,109.05995216832258,164.76424098307243,55.704288814749845,152.3614547534012,12.224218483132343,0.7022394059114906,1.2942721373300623,14.505528979362012,0.2585803547232785,4.606131921407766,5,0.1808731808731808,0.0112918716124742,0.0166666666666666,0.3423986523353455,0.3437366783292649,0.0166666666666666,0.3859532313086138,0.3146541060254445,0.0208333333333333,0.3387584901543535,0.400570066803678,0.0208333333333333,0.366305555857692,0.34399825111269,10.93190745431396,3.902164750029039,1.864571040204677,3.99492448268074,1.2997653515382213,2.388450662199499,3.899084069844297,2.6254669959381665,1.4315737708397398,-2.078896762738205,1
97.9202156831658,179.93451484763722,82.01429916447142,152.25168605467508,25.64551841062777,1.5580399584691027,2.0893938565340475,17.29477693930093,88.7806575220996,178.98900139546194,90.20834387336234,151.3811179763222,24.884876800604676,1.6388467450441984,2.6793306506397783,27.07812744639369,103.29978869075752,163.35580045029633,60.056011759538805,152.07376200545986,11.319826344693348,0.8544497685787612,1.98158834240832,20.55499637566109,88.97051419113278,165.85057122985123,76.88005703871845,151.2067366823833,13.158202633594206,0.9823834361332122,2.227278363167158,25.34214908062017,8.194044708890914,16.824045279179643,5,0.1745098039215686,0.0156248798534404,0.0196078431372549,0.4554157612356847,0.289879691287356,0.0196078431372549,0.434885712392886,0.3082944328861541,0.0196078431372549,0.2634102017468286,0.4233445838066417,0.0196078431372549,0.2565824259759686,0.4309336254206894,9.36038680432134,2.263280480457861,3.203428324667475,5.524331692655301,2.297037653751442,2.517463469851866,4.342303065367266,2.4164098730896693,1.6023931493207002,-1.9452523270038449,1
73.25524438231687,150.58892273591556,77.33367835359869,120.01684856171,23.380463023471563,3.079221422924562,4.650291527625477,27.90906387451821,70.48303333844484,146.22649897349692,75.74346563505208,114.14553455974075,23.402771117202803,2.5090976740197446,3.778447351334173,22.97616408544017,62.170070361558125,134.2964038353335,72.12633347377539,103.73486845395936,23.047190881410344,2.1935671692845,3.322675987120971,17.54820749470059,49.60653724186049,129.8372840306997,80.23074678883921,98.32033574138292,23.58352620186721,2.136538692909386,3.3531251205740915,18.37924868514054,1.59021271854661,8.104413315063823,7,0.145884270578647,0.0593493888040342,0.0147058823529411,0.2856166947186494,0.4204326053624783,0.0147058823529411,0.2807483778321946,0.4250782205486316,0.0147058823529411,0.3106022013886801,0.3993743508149391,0.0147058823529411,0.3122791291568329,0.4037383082619554,-16.105753294409002,2.6159605327554445,4.929460068055708,-5.097491101872251,-3.5726737112968734,0.4964068101015226,-4.454996199150011,8.200706359978955,-1.883578794366015,-1.787820926781607,0
126.3597198437401,171.85930795764804,45.49958811390795,154.01528873501337,14.848737249675036,1.000131618000858,1.3282465254140632,3.5886392562626668,128.0022772264381,163.06834139004107,35.06606416360296,150.18775842713654,11.244710761741793,0.78594370190122,1.0180777495024167,3.156499557203034,139.32702533472988,160.4220354812896,21.09501014655973,153.1084346617636,5.5552586037660205,0.4058809380506933,0.5688257867233553,2.296244003760165,141.30147040705018,160.06401173949936,18.76254133244919,152.414704745016,4.710754074886522,0.346150822182467,0.4529391407461036,1.6573899387191773,10.433523950304988,2.332468814110541,5,0.1820843091334894,0.0105223657819739,0.0187793427230046,0.5399821782821769,0.2683018573768209,0.0187793427230046,0.5187292969365543,0.2857574794979597,0.0187793427230046,0.5163919597170569,0.2950194532390465,0.0187793427230046,0.4082961722507734,0.33430711506986,9.383641652490631,2.2761410974216445,1.8313754980130883,2.0085498375805773,-1.5447495249179417,2.1287243867260144,2.438186957399508,2.267162420621461,2.7207798134604397,-0.9384581894539904,1
42.58438636199243,172.45379424186217,129.86940787986975,110.71403275509456,44.74981081653892,5.233074493574512,8.320709071818172,42.27455788992491,41.19254806529294,173.68834100568378,132.49579294039086,112.36744266012248,43.5823002194131,4.973354360109286,6.984494241967242,26.54713160514896,43.01453366111287,162.7358453074702,119.72131164635732,107.21191507961404,43.2622325019975,3.6721714395903513,5.430557288885539,22.78380696398169,44.52464908300754,164.15270723223185,119.6280581492243,106.60615140068764,43.33281725429256,3.651629770042399,5.505364075672758,25.73531408692824,2.626385060521102,0.0932534971330198,6,0.1706521739130434,0.0655426670942666,0.0217391304347826,0.8821878597060295,0.1282369307539569,0.0217391304347826,0.8782460375604457,0.1249554466987228,0.0217391304347826,0.8847770663179482,0.1156422766622344,0.0217391304347826,0.8922879165391511,0.1094157589772012,-13.654748258257586,1.0720148446655788,-5.000304129931417,5.771924349578406,-9.618190824625028,6.212451700537756,14.5938147098364,-9.336585399413734,-1.6424037530294335,-3.245738522838602,0
60.13312250678526,174.35817456586273,114.22505205907746,129.76881460644535,36.92925773832123,2.8761615028592398,4.452709163063448,30.62514577556965,70.73756864071251,174.25648014845189,103.51891150773938,132.4162299834775,36.06580467725913,2.313663314451836,3.834088640238988,24.67220110252373,56.940507708220736,173.10065551471178,116.16014780649104,128.76143960029054,39.905225446467085,2.4718957083041406,4.0675588544011605,26.306900734303294,67.88072723578057,164.9435612210817,97.0628339853011,127.95150971993598,34.80734042197175,2.2442369399899533,4.086726956531322,24.400506110536213,10.70614055133808,19.097313821189942,6,0.1479166666666666,0.0130104124966633,0.0208333333333333,0.3394701624325853,0.3439407788668351,0.0208333333333333,0.3307964680321927,0.3492025283948313,0.0208333333333333,0.3342050227758815,0.3466815692943539,0.0208333333333333,0.3122724826955341,0.3608790584362579,-1.4898754887970518,12.207111010714408,-10.677404001432029,-0.4270798979674749,-0.1840764768384529,-1.9810077341468613,4.864457355428078,0.0971384359076628,-0.463903929537672,2.862631743150418,0
69.73657878780824,176.95884092663837,107.2222621388301,138.9394669318314,28.32332675260484,1.0739890328021913,1.9211997924457944,20.25019549938401,89.98405207389274,179.50276852600103,89.5187164521083,142.66234897547585,29.20796737512356,1.097547619963248,1.6026949681345302,11.41494071327159,102.50338436722043,168.29010532965484,65.78672096243439,151.34833994250664,18.841707021923263,0.637192289180255,1.7637509820080737,22.748671324338773,95.03487729361008,167.34693098412123,72.31205369051116,147.2430168237906,20.47341680281336,0.7053944127336241,1.819468389597097,19.98369715101381,17.70354568672181,6.525332728076776,6,0.143014301430143,0.0070613010058883,0.013215859030837,0.5793619013251087,0.259404999883404,0.013215859030837,0.5889206436492902,0.2541410882691105,0.013215859030837,0.4511691231416169,0.3405918416944168,0.013215859030837,0.5011518987001566,0.3187709603296946,6.579523353130126,-4.884060726147055,4.437118868932397,-3.192105393344748,3.6032076747311375,-1.9106107777283068,4.994471631853358,-2.436856416444011,1.5061276793387743,-0.8234215514655452,1
107.36396022701366,179.43633588595569,72.07237565894202,160.90869720388952,18.600972776279065,0.808999659791307,2.026342006479831,20.134614858729023,98.19184799726052,179.9679405025966,81.77609250533608,162.4189374970959,22.394789716296465,0.7577617875634822,2.109342394644786,29.782957671692984,123.79023199006718,171.5464524689356,47.756220478868414,159.04780929096114,9.464379948248562,0.6882799101512316,2.337722878251001,17.406507299591098,108.7661526221416,167.21710691824634,58.450954296104754,155.89716470068657,11.625085651225728,0.6565378516257716,2.443964296563194,20.20386814972204,9.70371684639406,10.69473381723634,3,0.2287968441814595,0.0808678500986193,0.0059171597633136,0.2261747343371443,0.3379458114404989,0.0059171597633136,0.2276573108354263,0.331047092095186,0.0039447731755424,0.2140315211935406,0.3863722003779062,0.0059171597633136,0.2208237708477026,0.3606067245465458,13.47844568272157,1.8061134270325452,-1.9429505374818263,-0.8248546123554993,-0.9323644784433804,1.9610028739332568,1.5089117135355925,-0.9907613650635104,3.2961138664182754,-0.1576445624820545,1
65.94909923495307,178.45372155366792,112.50462231871484,140.68053738733002,30.58501265974246,1.493953532010141,2.152590939056033,19.46974377529085,69.88975230595322,179.3005814540319,109.41082914807868,142.7610020293512,31.00979865716861,1.581985915245138,2.3348700651375336,15.036259941965426,82.71047640357541,168.22654788700083,85.51607148342542,147.04814995156775,22.280629012311397,1.198026762272818,2.906513911898311,22.869126064250292,78.37493765170579,168.6603287335659,90.28539108186013,144.40568927618003,24.44551970744061,1.2855557806019755,2.964030795567924,23.63582441325866,3.093793170636161,4.769319598434691,6,0.1584239130434782,0.0093582474770231,0.0135869565217391,0.6808577861246246,0.2088928141177449,0.0135869565217391,0.6636843797565402,0.2182746106781986,0.0135869565217391,0.5727715735710976,0.3106942195717269,0.0135869565217391,0.5796577611777898,0.303229567796087,6.011255262391007,-8.39625684784998,-3.386544494444068,-5.651879303848317,-1.5096175182417264,3.6442339099525687,0.4997570939704038,-0.1589754600415815,0.7804217002009545,1.409361348303358,1
88.06790032185104,177.71330400033048,89.64540367847944,151.6241754996347,26.36411446040212,1.8909487908854328,2.7156639772464453,15.918276286524474,90.71127245935162,175.08932673489832,84.3780542755467,152.5945366169896,22.364098933960157,1.6021965192871426,2.337557100222236,13.132092643981297,103.72151248546793,164.3062046056225,60.584692120154585,151.00841100002057,14.407708797791903,1.0204319928426846,1.799884049927124,14.207483712649775,111.42895094357009,169.3385187653683,57.90956782179822,157.85812664922432,12.565279107521851,0.9044640455840884,1.7039816063758615,14.624217041007242,5.267349402932737,2.6751242983563657,5,0.1621794871794871,0.0098267369979204,0.0256410256410256,0.6532220163548952,0.2616275167214479,0.0256410256410256,0.6105369744747338,0.2827444835608163,0.0256410256410256,0.6002240747995106,0.3033657643454093,0.0256410256410256,0.5698941367483995,0.3287203134302791,9.815028680391546,-3.89608838614316,2.605165731707142,-4.710045340100799,-3.1121153603858533,3.941115218513973,-0.7546701929034618,0.9466445404783562,5.310517293860422,2.0922897662850337,0
65.00379669018541,172.73255849129677,107.72876180111136,135.89038505300496,36.64487407199163,2.065736779129508,3.4265304728184223,17.84657225069543,67.86123099795715,179.3082017186025,111.44697072064535,141.8561363707791,39.27678398754664,2.119238297967601,3.3422208011493155,15.193078588455291,58.48233550452181,168.65558341485237,110.17324791033056,129.82834048729893,40.58206270717228,1.407130143104024,2.8199657869970345,19.359266589766666,59.65339730887788,172.8215537180997,113.1681564092218,132.1685692860413,41.22418098907681,1.4715024992618797,2.8639820082750984,18.33435459979984,3.7182089195339927,2.994908498891249,5,0.1334164588528678,0.0159191338339198,0.0149625935162094,0.3052522857323191,0.2889613726460866,0.0149625935162094,0.3016707088815532,0.2888510307248862,0.0149625935162094,0.2937280328382771,0.2899718232921836,0.0174563591022443,0.3012858921387419,0.2943688251438172,0.1012563255127014,0.0481075520544266,11.014282287918846,2.7347355923565844,-8.667714762683575,-14.053186761474198,1.6552797821624294,-0.9327948312162478,0.0409332908044572,-2.7945825792833308,1
121.4792671721224,175.2559613235753,53.77669415145289,150.37339500182438,16.005365872925285,1.0257292523386563,1.3850680559660713,8.804353551060188,128.2902021235664,177.5661418187727,49.27593969520632,154.89180539673254,14.73387017180836,0.9963323747237758,1.4071356717767611,9.106169031437446,138.8507054202067,163.70627799886492,24.85557257865821,151.87765159557594,6.819377304112965,0.4888984088715751,0.8693582805891525,11.131765387033395,143.0306692043456,165.2086420231118,22.177972818766197,156.03530304582597,6.08886724158308,0.4986030272721028,0.9949833586959196,14.120305032598168,4.500754456246568,2.6775997598920185,5,0.2034090909090909,0.0102272727272727,0.0181818181818181,0.8334535580560731,0.1467285480042715,0.0181818181818181,0.8376192447837099,0.1458663135652904,0.0181818181818181,0.7832087325057236,0.1959220722437973,0.0181818181818181,0.7863475334658886,0.2051719184550871,9.802401379550378,1.7948321421823592,2.006988991121996,-3.065561019017021,-0.6463712522817782,3.5699134589675925,1.4846137097633472,0.0963733263063655,-1.6965159123697393,-2.6968090938045144,1
105.48213322774916,171.12422947763528,65.64209624988614,154.69870273895737,10.95377991366266,2.5845934308639738,4.931288168623607,35.06769725853495,110.39456397442028,171.9552270203742,61.56066304595392,153.25886063233222,10.999824358612594,2.533282680884389,4.561667533608984,47.70049767361722,107.96911084539524,157.92480863201143,49.9556977866162,142.73484388046307,14.84603422512282,0.7558145503006305,2.0797623607303573,17.047512425030106,108.15379179399106,159.48247491049707,51.328683116506014,143.63520358476504,15.380090561193237,0.7581028535030686,1.8719141684109528,15.88315119571368,4.081433203932221,1.372985329889815,8,0.1098696461824953,0.0505201488500951,0.0149253731343283,0.393765136686971,0.5248232076239243,0.0149253731343283,0.3289886766628671,0.5350484788150871,0.0149253731343283,0.4796550033301607,0.3464101800257224,0.0149253731343283,0.4869900483930959,0.3326557901836819,6.245625228107515,3.831457877276397,1.7415141220687491,2.117730641501786,-1.3071658746844046,3.156616944921685,2.488642968227309,3.755558312925208,4.299639018432695,-1.2106595971283785,0
133.02838723067163,176.70509731502642,43.6767100843548,160.828689127081,15.709464444968372,1.2614382392603831,1.8404492172923763,12.45394548652149,134.44285360184986,176.51765528130923,42.07480167945937,161.49787702926068,14.70989036032055,1.1978970161514009,1.8182365158538991,12.425231272076218,132.30401417288752,159.09101173235698,26.78699755946945,154.10626339654482,4.968833625511546,0.4505710956014812,0.9634699617326462,12.51980607403928,142.41668693821492,164.06725654453504,21.65056960632012,157.6813744030943,5.675926932765073,0.493329840826707,0.9157769807488124,10.353527285477696,1.6019084048954255,5.136427953149337,5,0.2038904899135446,0.011594724019763,0.0231213872832369,0.8080625683829041,0.1763977187168757,0.0231213872832369,0.8144741835029373,0.1852405292347225,0.0231213872832369,0.6613627235522936,0.3163092348563368,0.0231213872832369,0.7130537847999119,0.2655342780304743,11.992036821989757,2.335169996417316,3.7307256447299655,-5.007743305877522,0.5450353962519233,1.9875646102545124,-2.4770889406301944,3.045325027669832,0.8694019306390532,-1.8477097117410772,1
113.39658353405652,174.0716577998055,60.675074265748975,154.262248287536,15.82178346734779,1.772022160810303,3.4260291008206822,35.639011641276426,126.04751240973007,177.1547754166976,51.10726300696752,158.89145752131148,15.732179225067332,2.064019143914123,3.519781000173058,28.609485721562294,126.84265017711694,159.66749624624342,32.82484606912648,152.35527147138387,6.7048327669589085,0.608131952578163,1.5131041678997894,22.94697982564483,134.88416289479028,167.9235773580222,33.03941446323191,158.5628662270669,7.444762389436756,0.6790785842783063,1.4672786510774884,21.540162574906333,9.56781125878146,0.2145683941054272,5,0.1829652996845426,0.067510834571081,0.0189873417721519,0.4862540327175039,0.3362551784121305,0.0189873417721519,0.4483562771797043,0.3678453139552489,0.0189873417721519,0.3800837709522812,0.47922151514977,0.0189873417721519,0.4427727027518831,0.3611289476925928,11.04638443329184,2.7451487689256804,1.656253736280493,-1.8619432426748972,-2.36590458296158,4.192340931877295,2.617091455125767,-1.3086712267467835,2.586604306874863,-0.5732151750898885,0
63.63385716641767,176.72381277484186,113.0899556084242,134.74493361775973,41.78219362793392,2.2641974869164816,3.867678969986144,19.78443219810363,63.2954920126224,166.41757347296388,103.12208146034148,128.83381658984123,38.153444479384405,2.1930260235279264,4.172178306749393,27.94591847141109,63.036263375806485,156.50690309521022,93.47063971940374,121.53345756616984,34.97478722415683,1.9200222729082772,3.3930748762668554,17.471525899536232,65.91627941025864,153.6549600131163,87.73868060285766,119.19424289904832,32.74376759291999,1.7586572407365582,3.4010980687932584,16.355962219229795,9.967874148082714,5.731959116546079,5,0.1741967871485943,0.0041091128372853,0.0200803212851405,0.519473040691482,0.2817537480171301,0.0200803212851405,0.4909059600311782,0.2994894668231629,0.0200803212851405,0.5119482873801778,0.287825879202598,0.0200803212851405,0.4908402797871194,0.3003577638860548,-4.660778446366048,6.088213122657461,-3.0712390398049694,-13.972682650788052,5.971030581288936,-4.100504815374776,1.0791746671424791,-5.744398243461811,-0.7350808341438488,1.993976424826181,0
28.546137969270053,149.79065533497092,121.24451736570089,106.6774682685872,24.837128390281784,6.025589345047931,12.18581459723926,69.79871532356745,46.338137139613366,159.84918840361226,113.5110512639989,115.57393924988898,25.88059023803276,4.168494966326802,7.836057385480469,72.97174854143977,74.33716757704966,144.74774429157284,70.41057671452319,107.02843570825962,16.43001745061605,3.357700466333267,6.658060237916763,46.63994570067944,70.70900146804019,163.8705594120102,93.16155794397002,111.33314803001116,20.53609170059841,3.3212859868168736,6.048210686308668,38.598886415965566,7.733466101701978,22.75098122944684,15,0.0658953722334003,0.0308885477302657,0.0176056338028169,0.1936654592106228,0.6214685071874227,0.0211267605633802,0.1743968990835466,0.5629799110765616,0.0176056338028169,0.140659475911865,0.6041888281595437,0.0211267605633802,0.171157509455179,0.5440868230433363,-14.175767106014495,6.3456873812751295,-0.098898743194518,-4.605741493657956,1.938620144204132,-0.2895909985313957,0.6731414747058597,-0.9343233108425713,-1.1792277614765485,1.4059630137598178,1
92.29724674709117,178.28892718946503,85.99168044237388,141.60936346929003,29.710002075089136,2.268374780905781,2.783715968073325,7.242423631471951,95.09001374943594,178.3273985759857,83.23738482654977,142.75313214324302,29.000013023726662,2.1380547318508567,2.6028474539705853,6.035698916419051,136.56901569104716,167.82713708125112,31.258121390203968,157.52301460671725,9.057032949740274,0.7741359842645076,1.0268198577704035,3.0459831812833897,138.7975459108873,166.07205933104308,27.274513420155813,155.89511044331968,8.833648357932983,0.7100494161412979,0.9470421082968684,3.318180449031616,2.754295615824105,3.983607970048155,5,0.2031700288184438,0.005941074388498,0.0231213872832369,0.9115059910250164,0.1073983432675417,0.0231213872832369,0.9100971367229692,0.1093685375203817,0.0231213872832369,0.8056825495124385,0.1582062351376224,0.0231213872832369,0.8746954199150134,0.1300241990920959,8.188339433231025,2.752686548348366,5.451345362189637,-6.688316056024757,3.6634312645683815,1.204653165681326,-4.850815559934686,3.5965941390683507,-3.082243037930755,0.3347752186512095,1
68.89029533719486,178.65983055286588,109.76953521567104,154.6775414305758,23.21507074686581,2.431628276414764,4.580799992520603,35.212752817567946,73.26117952333067,178.5685115796247,105.30733205629404,157.8028947292592,16.924273306443034,2.76716679449558,5.2464099191630655,36.4348933818427,72.83863970655453,175.90435667638883,103.0657169698343,151.9595633374974,15.932035762711688,1.5806533403867118,5.61921563946118,84.07046332488584,84.25046966200044,178.91956842707015,94.6690987650697,154.57862340427144,13.765411715025326,1.5898311515774468,5.028225074596093,75.50642849481527,4.4622031593769975,8.396618204764593,7,0.1372382569326542,0.0533695696697083,0.0204081632653061,0.3941674231697989,0.3818845303377914,0.0204081632653061,0.2416434437957158,0.5433976483824524,0.0204081632653061,0.2902175454948494,0.5158353396554244,0.0204081632653061,0.2811333420934125,0.5541808109526264,9.770375760089,5.525893974899693,-0.8870027535781387,-3.3136539540355163,1.9245013408491072,1.8356095278304887,2.0212099494143065,4.225072628978756,3.0452311723429446,-1.9537215529648104,1
3.7715637703930263,154.6525374331639,150.88097366277088,68.522562107717,36.860265309014174,10.456416685311767,18.10076828892753,113.78300297584516,2.6259741532816654,156.19109627097652,153.56512211769484,70.97692058631914,43.591009236355504,9.489787551547646,16.56443324398187,97.1296860143198,5.719047131849384,153.6778694642213,147.9588223323719,37.603011920429225,28.982450096444214,7.115624312009021,14.189759035426931,95.98522885561768,2.9067524207768454,159.69458344717788,156.78783102640102,46.70680177820427,42.11779771961073,7.524125620916141,14.519089233246405,101.63934510270758,2.6841484549239567,8.829008694029113,16,0.0615384615384615,0.0267574833227101,0.0,0.4152556994029379,0.53949010253937,0.0073529411764705,0.3057319428362237,0.5400193247051881,0.0073529411764705,0.1982975140215451,0.6200371986526168,0.0,0.3878060215897281,0.5317566106484254,-47.432588829075264,4.949289048484888,4.311847196619875,5.095703205374607,-8.165990867165187,-0.5981697216627443,-2.0903252080460293,1.731820477708963,6.637191162043848,-8.19801162360764,0
7.030531223052977,174.69950556419346,167.66897434114048,120.43791895809102,34.895437827790204,5.949210972658197,14.960371234165171,142.46868206186053,61.26406543482981,172.0617509732723,110.7976855384425,134.96694906224124,27.99208463974862,3.945889001767602,9.222831195076536,82.99678617602046,80.21686506992533,166.86654676238604,86.6496816924607,130.9289274327589,26.21404119326577,2.4767866180142697,4.510357383967684,24.072108424185217,88.77592989955103,174.82958382195503,86.05365392240402,136.1123708945783,27.421041306173883,2.6630987829641786,5.0120019169880825,43.47615846094885,56.87128880269799,0.5960277700566792,11,0.0933747412008281,0.0587382678192742,0.0041493775933609,0.1748980981653721,0.5796814303786655,0.0165975103734439,0.7481499970695323,0.275272015975832,0.0165975103734439,0.7965608269235399,0.1936770664619214,0.0165975103734439,0.805646586699167,0.1932820531983705,-1.0754586028919235,0.2265342928619295,1.1890455874039825,0.6627185656973854,-0.7392451481685954,4.027890723354859,2.808843972575841,-1.4585886188431796,-8.30802455984363,-1.9505753328818176,0
27.13991745706649,176.06887624147424,148.92895878440777,175.26306351319892,9.094087226076656,0.3604949515012277,6.774164836425141,148.79604327067278,36.5779211193114,176.0612847422724,139.483363622961,175.15532825891023,8.783786288143093,0.3192032898028564,6.319921126441873,139.35530904370603,148.8130641394037,163.01065128310762,14.197587143703911,158.44815139960903,3.90531534288807,0.277145998686268,0.5311003391742977,8.16942464743309,140.6345674033631,159.3868314309553,18.75226402759222,155.1479658785907,3.14475213103982,0.2997775473958083,0.6537165599264347,9.184927523084326,9.44559516144676,4.554676883888305,0,,,0.0411522633744856,0.0106121101749988,0.9445835412470176,0.0411522633744856,0.0109411368496782,0.9433126578912172,0.0164609053497942,0.6956870452029388,0.2425005566007322,0.0164609053497942,0.6193090361280497,0.3389831209320756,15.262286492829018,3.4525468156033723,2.6654885517075697,-3.000573913142584,-0.9209907440065592,2.44058491105236,0.1423786598381429,2.8241028900181653,3.650881682243618,-3.276585635905076,1
132.63414573826125,176.0929041139775,43.45875837571626,166.16818711333758,6.747592627809589,1.614818745207026,4.253044369009777,40.82659296210335,120.71079725427408,176.14764334392825,55.43684608965418,159.96468030114173,9.645976185029928,2.1491879317013978,6.365787122183289,54.33831432640852,137.34312152646874,169.069262167144,31.72614064067525,159.4530431742679,7.638733733598868,0.9797573687043044,1.6679387282599092,12.188254672632128,138.20577859556118,168.08393275035428,29.87815415479309,158.01151086703425,7.273022223749193,0.8378182658545612,1.2528259720282051,5.243775541192463,11.978087713937924,1.84798648588216,10,0.0841521793902746,0.0402446520312611,0.059090909090909,0.1058162596617905,0.7362090118524796,0.059090909090909,0.1256687924598412,0.7392346336060923,0.0227272727272727,0.2461017143996356,0.4543515629593965,0.0227272727272727,0.275083134227143,0.4101760760919253,13.279887130156515,3.335584652976832,2.294202207626902,-1.884682636446397,-1.1515218086981485,1.8703883091767888,0.9863576958768072,2.00059123265219,2.9532839805442674,-2.194176704723712,1
109.34729246008072,179.60017379675176,70.25288133667104,150.09428665061813,22.12165453248776,1.2430654686459648,1.7459856566758631,10.35787457961584,113.0009979677039,179.85359385960237,66.85259589189847,151.18262796547532,21.25813388938151,1.190699879603352,1.7008740345285214,11.846556947029027,107.82842655069832,159.92150614570946,52.09307959501113,146.13288384294748,16.32106973961961,0.8748974650122624,2.082181150286569,14.938218974614143,107.2274569811086,165.64393037999014,58.41647339888155,146.9735244047853,17.907207728595495,0.9374101014602944,2.005628798207822,15.505603728172218,3.400285444772564,6.323393803870417,6,0.168860353130016,0.016816437693366,0.0160771704180064,0.7128088924848194,0.2077446727240194,0.0160771704180064,0.7272620492342348,0.191726455403175,0.0160771704180064,0.5304256900656047,0.3348111908589343,0.0160771704180064,0.5921152078648152,0.289468334509655,6.95271904397332,5.956811515765522,-0.4494249187017252,-7.411498025223312,0.1716325830546849,-3.002851977047272,0.4447584828901922,-1.8263138496427531,1.3478879649632234,-2.39188504486201,1
70.71145953404144,175.44133319431245,104.729873660271,148.47495073178456,23.23782573435381,1.4493672665600257,4.1549499059149735,36.37519771440218,82.9497984101846,175.06098463746383,92.11118622727923,146.73267396452846,21.547826063217297,1.6254479939799675,4.545815464593581,41.12483227619546,66.5571815022674,171.64480461345613,105.08762311118872,139.6829866941778,27.378476914348237,1.0475606799725037,1.9375619108721265,13.538853347121346,65.55240221420205,163.68790631579935,98.1355041015973,132.41530508144027,25.16973849700661,1.6068012727901508,3.8165583243064254,25.979685352745264,12.618687432991775,6.952119009591428,6,0.1729411764705882,0.068505774486709,0.0058823529411764,0.4295374066350574,0.2930446040423135,0.0058823529411764,0.4156506657105677,0.3043062166198547,0.0058823529411764,0.4398263727476335,0.2764200684239019,0.0058823529411764,0.4200543958146109,0.3045826930839965,3.173979423882056,-0.1019999629615286,1.769269430022172,-3.004305621560043,-4.98729497649996,5.952566979348139,3.504172316286485,-4.073096769062868,-1.7679530656189144,-2.369515567943952,0
89.34663507052831,173.79557786748447,84.44894279695616,152.48961471978322,20.205996247158826,1.686845184946169,3.67619009225886,35.011390742845066,78.37051554712616,177.6453605205445,99.27484497341834,152.4570957710745,24.801998431185485,1.9808959672016728,4.445803782972547,43.89875336638264,73.86115544875824,161.05192048435316,87.19076503559492,146.3587289060117,18.02124414465202,1.4810618033796887,3.825399301807128,29.888777818760573,88.07396630494799,169.0943114484218,81.0203451434738,152.16919678231557,21.134032919504925,1.5854797843211723,4.031568807907315,30.347520271015213,14.82590217646218,6.170419892121117,5,0.1872294372294372,0.0094967147049698,0.0173160173160173,0.5841634116882621,0.3085288715867483,0.0173160173160173,0.5637154113357595,0.321985043620093,0.0173160173160173,0.4681197340495751,0.3807702443132492,0.0173160173160173,0.4739494347052685,0.3685490791426324,9.11502087140166,4.004398859945889,2.4466339818204443,-1.2845595705046176,5.210642796946897,-0.2628764659329478,0.1187375422318443,-1.5864115373484158,-4.0767921691297335,-2.6831175396150657,1
