subject,correct,deviation__descent__l_elbow,deviation__descent__r_elbow,deviation__descent__l_shoulder_angle,deviation__descent__r_shoulder_angle,deviation__descent__l_knee,deviation__descent__r_knee,deviation__descent__l_hip,deviation__descent__r_hip,deviation__descent__l_ankle,deviation__descent__r_ankle,deviation__descent__trunk_flex,deviation__descent__knee_valgus,deviation__bottom__l_elbow,deviation__bottom__r_elbow,deviation__bottom__l_shoulder_angle,deviation__bottom__r_shoulder_angle,deviation__bottom__l_knee,deviation__bottom__r_knee,deviation__bottom__l_hip,deviation__bottom__r_hip,deviation__bottom__l_ankle,deviation__bottom__r_ankle,deviation__bottom__trunk_flex,deviation__bottom__knee_valgus,deviation__ascent__l_elbow,deviation__ascent__r_elbow,deviation__ascent__l_shoulder_angle,deviation__ascent__r_shoulder_angle,deviation__ascent__l_knee,deviation__ascent__r_knee,deviation__ascent__l_hip,deviation__ascent__r_hip,deviation__ascent__l_ankle,deviation__ascent__r_ankle,deviation__ascent__trunk_flex,deviation__ascent__knee_valgus
P001,1,20.50811869972349,19.190373036239105,13.818070277418348,29.95370017588171,8.95005737124954,7.349655748809565,2.866584093165187,3.472549922921772,3.0423583054182926,7.651347692841512,1.782790851310979,5.208240766249259,23.60801365492943,20.372089466505646,33.09797122171097,14.842869624299007,11.199776107471688,10.193408085164453,1.856524931131267,10.837999157124472,8.196142833874557,5.960475301190387,2.300857094614962,8.613758853750864,21.228457137916003,19.86043051392455,20.73054059575084,28.924031669628192,10.680080469651811,8.14658502587333,5.438186629179228,3.062401813911883,3.3609113929055114,6.592459076231161,2.2037556801096754,19.3942269132302
P001,1,19.374560662237787,21.37687672427745,11.631545892419165,46.56181393886128,9.471078362795353,3.4318091528830394,4.946604674807018,6.626565297136028,5.146489218082948,3.3021775499285857,0.38962604885334995,4.766307759493764,23.248173435599504,23.965124341197097,28.4585332955789,39.00378546948754,8.56157673005193,0.6884237212209641,8.839946513847188,4.824321849353493,0.6826644072951126,5.358211768516737,0.725621256508542,11.566421668052143,20.776328507130422,22.86731414117237,7.855667033610693,45.51680935372735,11.995009468624279,5.632085580507807,3.150189234493034,7.2935235644149286,6.665679864640344,2.76324693109558,0.26497654317508507,5.010994914942845
P001,1,20.388743316902815,22.59801182055204,15.698069773848028,36.497415181492116,11.051462616454712,4.183878920545821,3.849790332937748,7.989844550895972,6.416332266248221,5.5816052641402445,0.2172781494531506,4.4130357863066525,24.048847984267145,24.955792376865027,30.56465230652028,25.1332768047255,7.781906622486924,1.3396444029473713,7.475897046073335,3.649762146918968,0.72994074178836,9.59545557554149,1.1031727368031796,9.947570871726615,21.29251496163716,23.228818696371604,11.186063789472444,38.46517535320818,10.963244093764137,5.291551354733203,2.9316598702173335,6.426412962081889,6.1652212679081675,2.4374842689284817,0.3285663688998909,4.435321869366645
P001,1,20.338958723278765,22.687997505594733,12.954226471541125,36.495250681392164,10.485428181126466,3.5649736177859026,3.2708670253613477,7.385062189187974,5.829755346323652,5.227881616003314,0.360482919081295,4.538888871225458,23.938131978442392,26.363034500376905,27.84734743094645,25.599733948014183,6.473055712444745,1.5291356093409874,6.916083406422976,2.3550029636292664,1.2581088570081214,10.107101296582258,1.2449651136885975,10.858636883102026,20.211780812646282,23.76297219847686,14.816280552542969,42.27897817171041,10.221535876686612,0.8980060000472576,2.116338384796562,6.321546098667459,4.972191546764479,4.9954839067483805,0.5918671659098962,5.664312492492936
P001,1,19.33761711987227,22.349371882398493,13.61876772621918,37.95820572962968,10.093104091392203,0.7911572779698574,1.7113848248737455,7.223543410074734,4.949609943563521,3.248389494830385,0.692123270455238,4.582990562448993,23.97335355463052,25.7388187830333,12.737445815109242,5.4052139704420545,7.033974037583853,0.5738069842045774,6.130535085667956,0.6964102043840767,0.9877279700411407,10.034786983393172,1.7327239947655797,10.778309957079378,22.297364276868308,23.586408036328514,19.275131600955582,6.997227277402513,9.80927605259047,2.359212263966518,2.0825825568623118,5.100057532753324,5.8935749768232535,2.9594090227980794,1.4135758898202966,5.279764235838316
P001,1,21.722934642158993,23.24951943857686,24.12680823521569,13.394704019649618,10.012074009284518,1.4689755369678537,1.9196571409214216,6.627583865538729,5.884144707220242,3.764676971806993,1.3484924300149728,4.952671384416577,24.04808972849539,25.72928027857421,41.619955759415426,14.74659585350912,6.467640907275706,1.5009194708884421,7.024821894702761,1.136727089914943,1.2562858559728014,10.306203603565402,2.3259109851090614,11.443017047631686,21.823357075082715,22.546388148602237,14.386332431315072,15.023526118407432,6.296718672392688,2.178438419309393,2.804380540131059,3.848705440351182,3.131609781510414,2.649251981391245,0.8330129092535259,5.514346379692065
P001,0,15.393091086508488,18.10078519124743,94.73377747100034,79.51594532475744,2.2361607177033536,10.986405342382323,3.1616900567197264,4.181295718717259,3.9705002669628136,10.044904822875711,0.5214909659829644,5.4033097657067914,17.270233959480322,24.00300581932619,77.52962086099092,58.38031128900933,6.909190348985926,12.793130387667096,7.521963295225058,8.919884511684826,9.466183358046743,20.471393685777144,0.38804963984548946,10.982123865468889,14.391416732418396,23.104749855126514,52.53137115919708,15.029824821669141,3.969159019181029,9.595010626922972,3.40169917069714,5.585996001350011,2.490838022380468,10.865903229259695,0.6068699410970211,5.573345548452814
P001,0,17.082520480697774,21.802861947614893,37.86398323228498,34.27177291702666,2.9291371161242,12.373020034692006,4.561310492607035,1.732342171942878,0.7254510501195327,10.895727890946707,1.1893136065918057,5.488720350411583,20.00363460938277,25.747601352528438,112.42862575445095,110.34871139067596,4.674436917231505,10.8348540362217,4.465115264920118,9.197552646106603,3.8192595129441487,8.154185025840672,1.1107806912624654,10.11040189976678,17.981834611040604,23.836469776970425,89.01238750569664,71.49934171038126,4.822401222712413,8.404036091454536,2.096715181437253,3.4103723163547572,2.4508363905358457,4.905048722267203,1.3988516732317748,5.4031831300587765
P001,0,18.041908033155128,20.97743802182918,100.19901980318485,71.85190279334606,5.202823600798004,9.435584218030407,2.068176245865975,3.201016132382968,1.6884572754030587,7.579395031820307,1.465478102926808,3.8092958777171946,19.6362331992018,25.60968165803849,91.82423261850576,66.31315602497537,2.33517731229892,12.906873466176581,6.498534659732144,10.047100085204743,5.127742022915603,14.009044123412632,0.4025263157869105,11.820611418050083,17.49883298312227,23.792398033746448,21.794532503171165,43.431921887335285,2.478500935679223,3.1928920389936706,4.293398938655767,3.7254783712163118,2.0465041610904535,7.867585546419915,0.437946479754892,4.4900680161496265
P001,0,18.55125131466271,21.30623009458315,49.35896918200365,44.94742199480545,5.327125994208663,4.2923847587663655,2.9262406388758593,4.353093526412432,1.5679915631262404,3.3325607142898432,0.8457448370262156,5.315673433187218,23.871380456940848,21.086249446050168,117.19899138553244,66.79986944788965,6.3361291847333305,2.7695319822557125,3.929957496614841,7.978303647600147,2.398861863579584,6.2975548495754445,1.7630394157621594,10.9416546888637,19.61152283229228,22.271648630827826,77.32678369598769,55.75044248520803,3.268497529715566,4.092193864615474,2.986066341118625,4.796187525901727,1.7167599062320513,3.3880775446960785,0.6553288126863592,4.391719814594472
P001,0,13.954292987617787,18.64574134100862,46.290083720439874,38.991588063884514,20.789442675989847,3.4362886848278933,6.681023915734583,10.11043806641532,9.563845134221111,4.3075320458760045,1.8731871936704934,4.7311187359428235,13.343788155763184,14.338699633845886,101.59536199331856,51.682970637516085,34.233013942184456,22.236836161207986,17.112360378866434,47.41359741519249,9.828112131544728,16.42099621792223,4.769386489623552,9.313446240529666,16.734692681313884,19.815284120352167,71.69508234933977,60.73398357961878,7.904689994122192,4.262064009505275,7.664417069766524,10.413367180351331,2.2501815437028028,2.757468510447088,0.825268780533149,4.331218072960945
P001,1,20.033818069985,20.202782558987455,15.782110373196195,31.71190280717691,12.32773626716735,9.524958215250138,6.840370512153392,2.654051848954951,4.082876889279765,3.194774380610285,1.5224933760382526,10.157509235332329,23.5727130809694,22.522561082723353,14.113376384516163,7.846263052637144,16.27743019006804,14.347472839647011,1.0373505597677863,11.139673033494706,10.392395012369079,12.004628783907895,2.036559406370891,11.535410311531448,20.449071575628096,20.126610138591698,13.787033705098409,26.66053002967569,8.673451054520811,11.93817845106239,3.6502870882955905,4.987786825252475,2.658157828106431,6.172402380208771,2.065990510077955,4.154344988202198
P001,0,17.432914074237154,16.226996960587005,28.502768234580508,36.873222864841736,21.44820259455683,10.256916893565593,8.538731231922627,11.587185864124251,9.643781549160503,3.039959978870668,1.1676837329863545,4.277107802463667,24.074884076935252,12.512770852269687,102.39319275618664,38.62209750083988,34.90227356034679,10.94896966688118,19.909455604950285,43.01486129583792,10.352770000499552,8.957443031065086,4.386231678561799,9.14341635487178,19.427072210748918,18.705241889868574,49.444336237190086,44.85129648596582,13.470519116641219,2.827282698957383,8.240351974121584,9.059889519012447,4.816871843752967,2.435030303859024,1.0452409431071517,3.0891134593822134
P001,1,21.127132388618627,19.964411461988256,34.32882539228893,21.88942938085592,7.612420685435252,5.66536483226498,5.32545728904139,3.978788187277914,2.8305291918844433,18.75468075628602,2.981512591693665,5.751281750064264,23.17129663166633,23.924015979321307,20.804671426670758,12.31582744464472,9.928266761982544,11.116016470395198,7.014653595295367,9.381865978648154,9.1641844677309,9.349759146260306,2.9178307702971606,7.480502336929708,20.702899876273495,21.416760202961804,9.592908139002919,42.248555140861356,11.26005205407891,10.24037505656241,3.9644169937210365,2.960824352164427,4.956972916015733,8.689817652545065,3.6852901681265093,3.7706039534774383
P001,1,21.384430852798282,16.483116763217712,31.549925331432103,21.533015185048974,10.76907012598647,6.358559940536272,3.0095964629391445,4.552410813034484,4.880571412708347,16.837290809366763,3.4878531963482073,6.572731023341072,23.402287200311214,21.657735576851877,22.352324310880242,12.782818725197057,14.760615279441893,13.046101106442308,4.47035476126849,10.466991258347266,11.432370940845216,10.666490550614906,3.0030612947767823,7.553801146604,21.08393224840416,20.391079918246465,11.392737677693951,40.080720573355826,13.57883258075617,10.161205186925477,4.7761040855275665,3.2703291028400003,5.9249020367849905,9.081541532239067,2.992075691062044,2.104200995669569
P001,1,20.414673819190153,19.703919351198902,24.024747124839273,32.25415339305168,10.376681433854506,13.030962238749845,3.857248790142731,2.0753290496546386,4.43749918911605,5.859235341979416,2.4183777545579077,6.28630494788944,24.56459723138043,23.015640350542032,11.73059104779578,10.849608434786152,14.889451621033079,11.676632586449054,2.0777191666582397,9.559335613950672,11.105611743292819,9.08286666442313,3.3882958792300273,12.505411328375457,21.73194309361541,18.00735586745673,23.54810210493031,22.80988805238475,11.497464914127654,7.953865042520943,2.7767292306140647,3.7338279787979713,4.9834528264456015,14.190073850987215,3.2024024949540477,5.423485182082541
P001,0,18.646066731524446,17.838198737806042,18.913598719060662,27.461017323691856,9.790958844493666,3.255151661542469,2.308141493835181,6.089592118225769,3.8665737425190003,1.714864079144315,3.4145790587732576,9.406125664453715,24.574038350395277,11.645083954105104,49.84112259249663,14.16818176783091,3.9815092594426473,6.355782503047453,2.4117386874396884,3.0109908046477627,2.687682577791288,7.123901906600264,1.774602503954719,10.561248137474841,21.19515955601533,16.300763348080512,11.701160376344507,27.714078141266377,7.197725997054411,4.413169529432002,1.5148383416915052,4.435204191070049,3.253797789137546,5.205038579823909,1.9824083698050559,3.2669640841149756
P001,0,17.664402731406767,20.124664527204366,11.928734374805183,51.44018059806167,1.0455850325728733,9.92150947363875,4.198685590010347,2.35884156446582,1.2631322043800957,9.696632216687096,1.7522275056962002,5.135935329943598,22.204659868247365,23.167521682828443,10.057549536445809,40.94439078549477,1.4355085919325632,9.793534672170091,6.981487278146213,11.152383345829623,4.711351156710374,17.974597394911786,1.457274722999621,8.015175099145937,22.02117341450932,18.71971576591546,20.765061086655074,17.554860634131465,6.688734158924136,2.073347926816484,1.5685439904194127,4.572583454052309,4.211381026317709,5.116034640211484,0.947481329525705,4.495914925156084
P001,0,21.875511354813224,19.046100171832695,7.564819124342547,5.263297674751682,5.911599406456153,2.5792239788958753,2.450876824567392,5.691526225683257,3.55708179197856,1.3656310355268828,0.8269085569297658,4.1535534450791065,24.239410083746208,21.75534216405986,26.59682500478607,1.2805551317574184,3.723211150914719,2.245602209415884,6.374153768335331,2.496033883364251,2.5824350466637376,0.7541260760648519,0.636798501810975,9.189385628089898,20.034365866306825,19.76828456820412,21.996464922423385,29.026169842257694,7.352055422069273,3.245617324860942,1.2052539897616668,4.993186375120585,3.935623730507691,6.3249888248838655,1.0514508370060553,5.022809672706617
P001,0,19.900432154894126,20.875068931641398,8.182620102002115,32.09817247085612,7.642534007420544,2.023767257833602,3.6831628829480123,7.897384514461026,3.7699189838788874,4.158625961022062,0.6067964590960528,3.6613760133231716,22.29850555011449,25.101051342493946,14.794957741441909,6.233829815878364,0.815247932321482,1.772063092256745,9.571455249426918,12.074892193293293,3.768887651697437,15.822149598328371,0.9093685887230236,12.0346932648547,20.933047007235423,22.151045264877972,10.203760945486914,48.48051243216505,5.690543559758977,1.8566736471146954,4.889658103385143,5.597854728194821,4.001649187773443,6.102315823331737,0.8118829284316902,5.700152122057838
P002,1,17.49173609901381,9.953595063573776,19.852243289355634,45.74775879151383,13.026545437626618,10.831668321462008,3.5166729420298353,9.104404400138264,7.657631485707924,13.345116491944102,5.07307461612236,21.071368784758313,4.051032536778028,14.906475057393044,12.738785742416685,53.61406597598443,13.405516254390648,34.575475838603566,7.458217259006455,32.21287468412137,11.945784651017464,39.97481992982625,6.469683837033209,22.72257954075629,6.3015940511946935,8.595115311934197,16.151786983739225,49.58342821699335,4.818742135801853,14.796357756342946,1.941031250615535,8.839650612547086,2.9853682362606344,17.098648375852125,6.325168833402399,27.716217857529575
P002,0,6.844609067348921,33.235100302751974,12.972920128753179,46.84825898414973,8.41096493455595,12.827395603335066,2.3077749580230273,8.591161695021482,7.094533127830042,13.65546218670345,9.099358091380822,1.759535782601991,10.293072553818103,41.729887221367264,47.82789698556271,116.64724249988754,11.721963860584378,36.6138980908047,2.8963792524138725,33.796841432863836,13.006721882201912,45.52654139136852,8.925927648911282,4.050595412323875,8.37341096356022,33.62433591541427,25.334543694780937,77.3517073187027,7.514158438930818,10.924214549188322,3.003245651538788,9.580357239814987,5.045530386889383,8.718423646632298,9.825381173036947,2.562618161672531
P002,1,6.692693892651008,10.474326910707077,19.373848495311798,51.51855469865636,4.988535789296901,15.276539750859609,1.5789777342318714,10.568338308721904,4.228578959047983,17.190903828279453,7.577486334743978,39.32988197510291,1.1067595322360688,16.238389625997506,17.16298525006209,58.01347095940063,10.75814806310726,31.948780220013088,7.275692742997199,29.38749723225801,11.064561661768911,42.06229465028057,8.4079763912839,44.08411760007051,5.499435634930627,6.302821807575349,24.546617310180146,52.41387421806687,7.01284041792491,12.625690985538398,2.8297182099607725,5.878207102833865,5.061618025587664,19.5926154339478,7.453499864979397,13.464842803983254
P002,1,5.518230908395237,6.763650725684938,24.394019637889286,51.50838717093237,8.386578826168487,14.041023491923516,3.1330615554508894,7.0910622522330415,5.974294364163597,18.749836422038488,7.913165183598734,34.094989875254555,0.8016215982941646,10.623814799363265,26.112824445981268,54.68050688440856,15.43613983646872,32.11022947435901,10.282096803621013,20.65716795333474,13.121671434226476,44.04905942229885,8.797445541448347,154.48797826216588,1.719885212411721,6.5508241915113015,22.00199696349169,52.217878225640014,9.232427135378968,10.060801481698844,5.6682030425249454,3.6084191429108103,5.608810806443481,20.10123657316588,8.344431608438619,59.50386738465197
P002,1,2.655013179607535,8.50232005379517,13.584340861595019,55.22652699681798,9.15086886313738,12.515475198860617,5.183936670103725,6.352004166830069,5.809844834660253,19.347518220097953,7.664510535279729,6.501390882402869,9.363453108859893,12.884264391583025,4.086673832695838,63.89190573305298,15.049861539212253,29.32468609726309,8.361878610201849,19.95910300327622,12.329206248128088,42.67357479552241,8.341643855480074,2.2486935671928605,3.7803127561685725,7.484540776627431,10.520117551467656,58.71088015725481,10.445612609270484,12.691817735632947,5.176588956311401,3.543220573921687,6.13989031526028,19.09030959742679,7.903130059558867,2.584800668332997
P002,1,2.6987076568836614,6.73619089536318,15.03078831713501,54.92609929947819,10.596904632631862,11.657620012845769,5.745725951848277,5.276748965223197,6.996474963868067,15.124207115115254,7.6210931551150995,6.470753566804302,3.7911784916791347,3.6432799071343838,21.92629698942586,55.60349262934078,15.315467648672072,26.853704496384797,10.447708896298952,12.274101228164865,13.668264537282017,42.03219037700091,9.540168635764113,7.127660996793823,4.864083965441371,2.586682448934461,23.38276139000093,50.61314293844946,12.49488249636528,9.485795293408621,4.7372969335386514,5.028493556051231,8.169231012947714,17.012318744024203,9.665472240463748,9.094981373043087
P002,0,7.019828106072223,6.789744308531458,18.642522823961055,63.05835600428013,5.761169406358182,16.12961315965081,4.4467522902133805,4.153335917997798,4.758095295088838,9.070481204228795,11.493066457054228,4.74168458369585,1.22532704048417,23.275953130711876,26.424581100836612,94.42585035723559,14.110147701696633,53.730571850149296,8.781174746012283,35.399827420599685,13.458600222960722,47.81647260469228,12.55669049162128,6.1356584690340314,4.2352557081638285,10.347046172836983,24.225621195590332,55.8187976715981,7.004085469568655,15.071932559756652,3.334471961966203,3.7369089812666063,5.449337691492563,13.698183907150352,11.191547779052184,4.880722986495687
P002,0,4.97502538204738,11.485119833803214,18.83014460589184,57.0209598525562,6.352543431478173,20.504294061015365,1.3121442054539785,9.916207439957846,6.468092232968123,11.952702981829077,9.85360246836752,6.340470738375076,12.505400057295356,30.773913319729985,66.41788435992517,108.68899857949438,17.49632682851718,59.6241213623422,3.4558850683933144,30.854897375532893,16.021265653085464,51.24896522190759,9.361017829397417,2.8803580781964353,13.780784394702337,22.90536564897851,22.34179877796737,74.36203828331978,8.45285691769778,17.961473525878944,2.934124331098327,3.947893186238481,6.357103188927182,15.728412196634888,9.124697986093292,6.565970834593614
P002,0,13.760776110561693,22.480586231607553,7.0285161678025405,61.59332744435547,7.63004206589773,14.072921427837048,1.7543504648632264,5.407092553580634,6.402763387509569,9.406099634685589,8.940830999684817,12.496346533696315,19.481099049377082,32.39483709797649,50.57854777396874,106.05065561467559,15.649856197858963,36.59926974661876,1.8991110745770527,14.537806173227192,15.441349105089817,41.96433106519969,9.27151147878288,4.943449419034293,16.232859553703822,21.82146129939713,19.606927990503827,67.06674543024376,8.26915362060574,12.514926936209518,0.8543217680524606,2.9538618187974492,6.678924466455349,12.373620926000154,8.04012711772207,2.2301017565651997
P002,0,15.05853641708708,21.800075241471905,16.083453649467366,57.38466794551933,8.87892432591341,16.80435757861067,1.9443223161090244,7.888827446996332,7.878557337623375,15.015782513210945,8.349772478335124,0.8620801497227839,19.79857026743678,33.91621913028879,60.943507926631106,108.94158001328572,17.535249585182406,59.149924391653975,4.138227918595544,34.030620351616406,16.49597753080226,54.32899126527262,9.152863485645428,2.801436069692644,14.721643191317714,27.321008251759487,17.674627775589226,59.25903634036318,9.232615479044805,14.952189757919564,3.0997306107481393,4.927550483015556,7.173245180806964,15.421470612703311,9.469490132643312,4.983559246946369
P003,0,7.023253684109941,7.639590815586324,26.751595968891547,35.72879984134873,20.80920818835896,7.815044416220291,0.31193198788323856,2.389410732576134,7.681012310401829,5.924516689580374,0.11894082659802621,3.264157643150193,8.094521943674504,11.433764889815006,27.258180340658477,49.409355144512276,20.34121209836651,3.3787106308593637,0.9697959970016811,5.286382412788536,4.534411485682705,15.133036731122525,0.049691050870131905,6.836278298164561,7.6150677927705015,8.995201978816004,22.631254064799904,48.74112985351404,11.477286191958093,5.753387578309168,1.4359702316650043,1.3330950480523682,8.410428976608003,4.9690480142397195,0.8411618764448974,4.482937116095309
P003,1,5.406278200301683,13.003371540051159,19.472493116537677,35.79935594885012,7.93567513666973,13.534434930284624,2.0497819746608927,9.299207226247326,15.513313135316892,4.736767260052828,3.4588926942346943,5.9637358896883566,4.572445246815386,16.971028315769058,18.98325388809489,38.66455252489304,2.0607484912594316,12.49962766525082,4.628490726644745,7.431997276006946,11.649183584224371,11.950470140927074,4.05766089124143,9.841524450527153,4.930377554237384,13.834107369058183,27.592866787390182,39.55275759298549,10.810916757095585,12.386617078875885,2.553092668364708,9.032031867031638,8.244479297900222,5.604266703330457,3.136802625140554,5.877910625097876
P003,1,3.3986894274163317,13.545689236688807,25.023950704709314,36.86797041540701,9.229287016722125,16.44060520410642,2.950033453435735,11.716350521511876,14.253316447060831,6.0156947425997265,3.869287899523708,4.668316533925811,6.503860840985122,17.970543415872488,12.91781980564474,36.32536384221303,7.463197031709146,10.762699012217698,11.146322672052438,6.168224523007389,19.564472153349367,12.62483881808275,4.589794934697869,8.983022123770727,4.271800559385977,14.488508518604528,20.920962053154657,40.554898690724976,8.828775038239867,12.174092759754236,4.261830296609472,8.049933597926408,12.036463205410309,5.3954654927733845,3.452101153910269,6.105599470302014
P003,1,3.2461659985189186,13.174100163992549,26.159311089784676,36.4320733947968,5.454429102949637,8.887080156036467,2.168613545722164,6.189279999299339,14.916492013173567,5.7420373718660365,2.2557136850830775,6.284871812072663,0.8346874682123143,17.413032113896712,25.53928965682688,29.87742545673867,0.39014062227465873,3.9131398779509694,5.735594521063764,2.1409144581338224,15.317779876421213,15.403555434333239,2.775750376052379,9.523561546588553,5.592238474868732,13.993628044790682,19.243334932686537,36.56048782275535,5.534370658250762,4.303640178886781,3.06741997123392,2.7145188198066803,6.738661999293069,5.359083608007391,2.991863527516877,5.215718188208285
P003,0,7.364664798079796,12.833954031080529,15.051288355801793,24.765976439500434,16.441080039251098,11.680901894487121,6.368482528859748,5.096249675601262,23.72495700573374,6.296437009107224,1.8779304268116093,4.644545371007384,24.61893404931967,18.85142356466498,26.268520221026403,26.115134024862623,78.90067358475088,5.9931607204790165,61.36846301347343,12.960271162797858,81.52374752186003,16.263401304962798,4.085682307477261,5.817177518439464,15.265201147269561,12.319890335685383,36.161855744233385,43.937022149707424,22.83882134437249,12.663147178486954,22.321222456894255,25.891057319713546,20.298255540319136,4.279991331608896,3.2703378562932555,5.813248786200773
P003,0,10.946665727734487,11.455399937784502,15.802973642338866,32.440855586879735,21.938359937997138,10.57568401941308,16.62994246261841,9.085175617438903,9.155695537695124,4.503577488753435,5.057709898913504,3.9400121210636128,39.14365084036079,17.416815769409236,14.40815402522781,23.89593616226485,48.09913784233318,12.951921251501398,56.4512461462899,18.37802541581032,26.34610416192398,12.670647800202453,2.773739743331781,8.435800562730705,9.62522274214588,12.662516300968868,6.501865557527478,15.853984006952023,27.63149764323692,20.135686718899258,24.91843212468446,18.439688732673154,11.724807851049672,9.109908525304206,5.272059431944013,5.538326017348704
P003,0,8.577372182024343,12.084389368749333,14.692837685225038,27.32031010143145,17.721164648614597,16.770247196168103,15.151504367380062,14.515816979256016,22.96046727476095,5.943026845353693,4.320109934826303,7.617931177329405,53.6905157165023,17.466399014253156,40.090521643126884,30.211714269264984,86.3456102712643,9.294006965590736,78.12214934819428,20.200310080171544,72.47253675740751,14.94410641903867,0.8622311120949575,25.434707381003555,8.72147708119768,13.58658649890197,21.90346664332578,31.264358414293746,18.972934011723908,11.870713377126147,19.38434085606958,15.62586573066738,10.909522903401287,6.88626867174577,4.770910663797915,5.888195686159081
P003,0,11.236901643864305,13.531651066834723,15.307986024598915,20.591518822342646,27.324545868889327,15.416903035563724,19.453546391769315,11.945439896506672,12.440145113520655,6.908537629683901,3.9050630004683926,3.047654958531681,53.83010487826342,19.791866281068405,47.20541369624064,31.01710929616076,81.63793332728386,15.281204180636559,92.701156160415,25.95402094913634,46.24068431250519,13.638323671600997,4.6654706932799055,14.221693753593195,13.673426885142456,17.655786882423207,47.505658854366715,38.152941467347,16.548727293857333,19.577691761624834,29.39392675581588,25.588494533237828,14.694339121584111,6.451131760466339,4.495091057122774,5.542204754095816
P003,0,4.673712363854733,14.400442083314129,17.28852360926628,17.543181670179155,29.29838592065293,25.48064862147624,39.096157911953284,20.610901428059044,8.338522713241433,8.652129475613185,3.8989333100769796,5.263184712473888,11.42307350002939,19.21124616602582,51.48175601352163,23.142177804844067,63.68730265011487,17.287822116992366,101.61794809465475,31.06032129243896,44.06083113289186,11.961525900316763,1.2554357751267375,7.31982877973297,3.44650501301102,12.346319836030709,31.35408376978601,28.513112503664267,22.24295330128701,13.319430457609007,42.52138855487434,31.48242903074932,13.841487049351809,6.664125397252545,3.8506868625104516,17.866288429093014
P003,0,8.648022210803362,8.379645699242868,27.110771993237705,47.37802976686432,8.002470224698918,3.359300530185004,3.2318373025598404,1.606426749367597,7.996503487121961,6.384827352474543,0.7453131044246177,5.085132072366319,10.576279962061404,12.829425561586945,22.112184957727205,54.515702153918554,1.7778056770550308,0.5863922328124161,8.562372591037981,5.854290111857269,9.001768111120906,16.253782962904225,1.1729060165286427,11.311575387688986,10.649441591333746,9.854360478258135,26.82136683997415,51.72037534554946,6.592041893454751,4.3780709728945855,3.046028897540778,0.95494967613173,8.525385472712413,5.646058568620139,1.9622125401886918,5.343703213113444
P003,0,12.795363257189496,9.151349045232338,30.906589179936287,53.106441441460746,10.629181125244312,13.347411979405411,4.338578834756403,1.983937755770168,9.39803452669752,5.726166563195141,0.4979317310685147,5.792173491468146,14.443735672479608,12.682170832032817,33.14458590710605,58.66695755712235,5.691260197090166,12.726911144192243,4.990609258455436,0.5498402577811419,5.67835758869669,10.671671090655256,0.1428773985092846,9.010698690559527,13.293241647209552,10.047913639880532,24.73571767233722,53.27538209773547,6.369823518264053,13.200142851232238,3.5958370804145177,3.7793055121067938,8.975920316884801,4.638700526668391,0.4713963034897148,3.4253849235630858
P003,0,13.299053171784731,9.172379789248318,29.199961996765857,51.188158331001276,4.175765033587888,8.92515198354864,2.9879709040198845,2.9166771358436323,8.782043780597766,5.572599266828577,0.27725645488302886,6.3067801224740085,17.000103207014824,12.854463126218798,26.40787411674981,49.92269071250396,0.30004635906802546,7.532797705338323,0.17393997381521017,2.3385331760574006,2.7970013725929945,13.853006121310695,0.8948051745162473,11.633997060920034,16.043978097094048,9.91837184139286,20.787096325586816,49.861153765753095,6.893435482115457,7.5208369688975605,3.7517127245941024,3.2749606410497023,7.637831116212027,5.427322162188143,0.47527760829857046,5.555743409277093
P003,0,12.726559136874293,9.16462289375137,20.79975837052449,45.20574961971205,7.564349057162841,7.535846031893966,3.533138501329259,3.2323966054014646,11.53802574375828,5.282716398921837,0.693833896471736,5.941902366275594,6.253429973616717,13.668797384242186,14.178309722148816,41.30777991371589,4.843946407365943,5.027263284338782,3.207956400532184,1.3536352385876427,12.769066916265576,15.078782876685576,1.5766846947984305,10.739115424468242,8.29567815898325,10.47674916152817,27.249523411051324,48.19231730902197,7.559514144942241,4.467631812978117,2.4438827177367317,1.5748401543865456,9.862371345902414,4.941480717379788,0.49950978259835355,5.618401223221495
P003,1,9.155676537548937,12.286986879481507,16.073050161061413,31.793824699892866,12.610048159190072,6.651517647562427,0.9979669305274627,0.8848446754531338,10.904112318516326,5.0638527784136045,0.6410054028601706,3.4543769560033852,6.814743539056333,16.173375006316938,8.67235449616106,34.9852104089634,4.031220787499562,5.101496265719722,0.6024479274302706,1.1322554603729913,11.963204682485193,14.440061822976759,1.3752085931708762,7.301713134735012,9.738950885211029,13.451089950643404,22.212202047104924,39.03934365042812,9.186146587177666,6.959869278690569,1.3238273119087978,1.015734634355455,5.633187691372404,5.41880180370724,1.7770121831903907,4.677502859887548
P003,1,6.918223361754352,12.635016536642725,20.257235918746357,33.43164513518775,8.639683790217378,4.980717890390227,1.2811830286402397,1.2178549106200038,11.46437227120344,5.593630270328553,1.4981389534472427,4.6196471355285595,4.8089805996754595,16.863788521918593,3.768456052790705,28.30864719900403,5.986826031914015,3.757841383273676,6.233973813609431,0.8718683310765982,17.4396106632788,14.754265523632267,2.913979932042308,10.142969740068619,1.2438428575757015,14.160176909311303,2.7805756353069797,22.39264340569463,12.744943165986298,10.32949617089623,5.1713368271723725,3.8776342555760666,7.81026954081091,6.021575801967961,2.2392274240723227,3.626678031774553
P003,0,8.666463405280927,17.648792876520645,17.59718412388529,41.742081328955464,9.866487207791803,22.72206052248388,2.3963753091464937,15.554648814716467,4.803871567837553,5.316060136137319,3.391142203776691,5.301140471928884,16.972199902844586,25.013450662342215,41.16196878277652,52.50396497561195,5.420049069397059,21.33346986956036,8.531825547308188,17.975286239838237,15.100263386739337,9.485550191729905,1.4135218651698112,11.374662453053665,6.617685875678392,16.015961873503528,11.292288220225641,50.31087743156115,17.27466874567038,16.748106653690712,3.1510750254164845,12.989671331299647,11.489999047178776,6.023678094732842,5.099939643802655,5.916594175456189
P003,1,6.490721623008914,12.838285307552372,25.255364086665455,41.59872705038061,14.718820118818837,14.531752484848946,3.6847726470385966,8.787438878796763,7.185698766103203,5.05512032303238,4.044165313447534,5.1790272552219765,5.619244290605629,16.48425038570423,24.304512508124922,42.394023882645875,14.448974402970112,15.316789283020091,6.289381417588219,8.72217177473561,5.490923067422093,10.970053723876044,4.061394885237908,8.622263550044988,5.679929314097575,13.292097336266147,21.395013309104872,46.26497247983206,18.861344294921334,15.9071215744362,3.8802194004131025,10.834501828232256,10.215184128304998,5.349002316557271,3.354077710611361,5.844610170056354
P004,1,2.9926046790169494,1.6998973115363838,8.97554745329053,45.69490437608444,14.63182588221838,5.911962788796759,17.30400304411927,8.099047642373097,2.6053256429903966,7.92768269968843,3.633972535560929,6.0189989877797165,2.867143997565212,1.0382671030167472,4.889554694648096,52.91425557168359,39.350608559110725,1.1546891050961734,36.582822297589765,6.00687254059109,19.92427537582239,22.299784397598508,5.465019402133031,8.757433932387334,2.677717920573764,1.7542159335310359,20.99949971687109,37.896388871958244,14.716114631516948,4.1090006693181875,15.51660024531373,8.030386052959035,2.9500663285267037,7.527805737861163,5.395077889328226,5.300613296851977
P004,0,2.720657059172838,3.299047743051952,42.19336905065027,11.717130769484696,29.582501437250038,7.857619797608121,57.73209452138296,23.689000540720407,10.756259804933118,9.104680810698913,4.141548736849549,5.86772845593955,6.110381142407351,0.7710770757962748,72.41131016086824,2.683492818155698,92.86501387724857,12.871869086290896,132.9130026592654,37.7551613850448,32.28908069617955,19.86566358655106,0.7452040579667895,11.666450027075935,4.7085333803532,3.332812959136328,31.060561735705924,25.147426708610634,19.5339435848038,3.620787634280653,31.50296577502504,12.05110121799013,5.308218233475687,8.426937039108518,4.554538378821687,5.233106372262862
P004,1,3.871551083453312,2.804502538331532,24.901435464800013,34.85591372903499,11.724549484502713,3.0927349834096605,14.627972590578372,8.998052901794559,2.354984444367369,8.577114455148507,5.548041540978785,4.420466454826071,4.5187568361269665,1.908408358683073,9.534234583354795,51.22550174524703,32.62208633985658,1.8330852361013512,30.824624552978328,6.588090753027461,20.092864135714034,22.110315413395064,5.700662226038506,11.156441991986332,4.658609592219814,1.4417293985570183,11.215192484267169,49.483723496500815,7.831678676927625,2.545010309186124,15.602663951385026,8.424852061373489,3.1248544567676504,7.937344899128647,5.726794864509516,4.772041500613712
P004,1,4.873747906619366,1.8749668578345804,5.436179690332461,48.96534506885482,12.761292275532504,1.1808245609860677,27.277455016326208,11.145079681929767,6.239728888997432,9.840427940416939,5.8349812540371175,5.735972981719767,11.218188036740667,2.3609170200390026,0.9203309212102073,54.98256984410635,48.09805785289017,5.241512451436695,54.32452500206657,9.111391427935057,31.554524838536217,23.834831808277027,3.5399392948160324,9.374186025350273,6.426681272239416,1.2991912423282883,21.46266537100863,44.88319419449146,10.596053270097226,2.053983403660342,19.66682829544797,10.403079095682067,6.476998446035745,8.88191734193514,6.100790957004291,3.8770812825414764
P004,1,5.335472364170103,1.8625913026403311,14.610858915625437,47.01628068509412,10.226615998260774,0.9769122533814425,23.775073108585538,10.640374565441245,5.021044588516073,9.688090735030102,5.173162127044701,6.107778018725463,11.200656660973376,2.406746613199341,4.040062202695646,58.0561119576357,47.183384996064234,3.9174359060433277,51.50852182634433,9.251528262670366,24.75432257275607,23.263791158900084,3.0956328857990854,9.60852540396176,5.7201211970791785,1.2139867367542165,14.066544848116646,48.34128122582011,8.293851953287103,1.9333444368337454,20.16953220780722,10.172699770442641,4.241819257399589,8.821475340152707,5.236928896703151,5.105280403721688
P004,1,4.7431683375906974,2.061225044391739,10.569909307871665,46.15201697547184,11.355033776625543,1.1513582550490014,24.480139431752434,10.288630778435747,6.176387279125576,9.813862907941743,4.574536945548675,6.136640543045769,12.241586480496675,2.7359485262685355,15.800643209190776,48.70486474302992,48.904118879367594,4.964810853993588,56.151866388703624,8.013653771270338,25.12322655453958,23.462749375721778,1.9604429377153736,10.069732250961687,5.090958704168145,1.552843703790991,15.49642589569667,49.022129904892196,4.635073039041236,1.4315347890908812,15.138920503050008,8.439876430995442,3.0474501829111893,8.56085116137629,4.998247926095191,4.692107851656102
P004,0,4.171504745024402,2.5182259079303635,23.109231707266368,25.504706330451516,11.833439630906685,2.1083207372617636,32.04341270485425,18.881308605446442,3.411319280739181,10.884613346599943,4.178923950402838,5.599879102232948,11.062807420645699,1.5441176364635012,78.97562587182833,3.3475747741937534,77.33514278890524,5.143629229075128,101.19635453690927,29.160362946991462,34.48324242870619,26.746474268549225,1.4094249352709582,11.241449277240338,4.937891956253698,1.7010480111103845,29.963260113426664,21.81849020756123,18.46300638831335,2.3464522928071263,35.596645474899745,14.512996057248467,8.11089384310761,9.533695596485634,5.215579024006608,5.524812160520768
P004,0,4.669074995869461,2.8648790781997775,27.931738587500405,18.520078965296584,20.289259302122616,2.333804954185824,48.61264204270905,19.74370634438963,11.800513470001238,11.317733311917124,3.768035727882217,6.386595514375682,13.149741427474542,1.2121855448149617,51.66380243684837,15.956356271694677,97.07170249590483,6.07732759052471,120.85615554694263,28.296168682218354,58.00715989094971,27.123757178960297,0.46861391473773895,11.743703807579111,8.160707134007142,2.2150135145509267,29.165856126530674,26.636607119553464,20.772527989793105,2.126778888813773,38.65356711277982,14.954919076519351,12.75354873957601,9.625962976566129,5.115704872601225,5.359208977610234
P004,0,3.4995189864093788,3.125219482292458,24.30579967191273,21.05739180741479,27.07769774777962,4.617915190858957,51.241192611015414,19.792882674577232,9.501158308043859,10.007219535272332,4.620400651593182,6.061065187225241,12.251158379341089,1.2235896825210901,46.192768974138076,19.999058361304172,104.01042025128432,1.4278816367520732,122.75650878724741,24.659041908550478,53.030099564573945,23.38356807201646,0.30427681939674756,11.335599681091423,4.599941995249063,1.8964489292946496,30.589505884303254,21.67367250899775,18.418938091393247,1.7004587887533291,40.08327441425352,15.545117242374605,10.683297180620091,9.367030106600396,4.829252725357645,5.866595378237404
P004,0,3.8803119085021978,3.2148314181341973,29.083563644062735,19.13190475457865,31.65017416367357,1.2910902103156061,53.23046533294617,17.206785010531696,10.927587495736038,11.016245986629103,4.615228527124138,5.621522580069319,9.75875505788815,0.8866296571577692,50.060981774550044,23.34424444001099,114.20685713699955,1.0624095211504838,135.2421593747992,26.031728466508866,49.76931551468492,25.034532415674853,1.4991790493309112,9.96412075447222,4.397490982430897,2.8777981432810167,28.265746271294898,25.182132916440008,21.986324878024675,1.5159180003230162,38.99603226121209,15.210401436850935,11.917350124261215,9.503607341544205,4.350318219507727,4.916469153594223
P005,1,5.710178177616292,0.9109020023434595,23.713532726972296,3.348060326291732,2.670860095147661,9.736141444852654,4.062558728260039,6.66747233298184,3.140693240031252,7.129634507435165,6.47780801042253,5.688802050725063,8.309408388274264,2.7911669600309397,32.900637854577575,3.2844474892563347,0.42413237192996006,3.7811316795744645,7.721237455288545,7.962198846666572,8.261712995096968,8.34192438410692,5.642459879977371,8.677095831837779,11.402662471293649,9.735800438500451,27.276882864180116,5.687037654864457,0.827806003612342,6.177368885316871,5.921840227581105,6.026302462191386,3.6983870547163775,27.807704833367723,5.202454102257379,3.812271002649994
P005,0,9.513307947577482,39.91636794890076,16.2472482695949,4.42910370525835,3.9931100753070594,8.821790679950983,2.931249768765956,5.752865542587406,4.266367212176256,17.30412002442934,2.682091079234566,3.3322652403029585,16.23385507357392,53.476233701893364,13.672389211399246,5.038546734507966,11.617582458942632,24.27602396286158,6.612005910004387,15.084575736666912,12.002175013768877,80.56330324839834,7.707832690399286,11.142519960242483,10.148334515256506,38.110651934682295,14.855759050464382,9.341858447250633,7.29895307400709,5.270091451340531,4.307373223088382,3.6408686536253114,5.468632583439161,22.349678163448168,4.693745291339448,5.1834822330808175
P005,1,10.478820073218335,10.302305601876007,27.50295742183338,4.693284012642545,1.3997811662502542,6.279966849742841,3.6524308833861996,5.048329322361363,4.825948821832596,13.592346932661604,5.1311939148551815,3.730719185786802,16.381507046122543,17.055135900658946,28.88683493751966,8.673218105770115,4.23225394995856,3.505511120544308,8.543027009525344,1.9354402635695565,10.156680228495558,53.1721783642286,3.030839593713735,10.755990053418866,12.547665962310958,7.88733399094455,28.137516712559766,4.0545450998371155,0.6363645852838289,9.10618680462721,4.594572969795001,4.815155594861527,3.7290849050648056,7.524929379173412,5.341280415571823,4.494288605152596
P005,1,9.903574799821557,3.263918972171325,27.308082680053662,5.144892575091875,0.9063732211046215,11.666589628519263,4.1629853604122244,6.299565298206244,3.895888728008432,8.16693326991411,5.1992499110030606,3.7612034391132467,14.911575740648232,8.576004735708539,28.93335747989089,13.415666454520396,2.7068469180271832,3.38413666178585,7.3485747281787015,2.2902526540546133,8.906769494897555,7.057761365450896,2.9833955301938517,10.59278684049434,15.262432272845635,7.4188265562015,25.151776123579324,8.268489436580044,4.32934176826649,13.387154149020455,4.271151883510667,4.864809352086327,5.136628542757392,12.141579271942495,4.172820137946206,4.224009810853875
P005,1,11.947577824920632,9.416021852066887,25.02937600286601,17.703872739790675,6.605105473248979,9.005807798521904,4.461720799702616,6.154963817860749,0.9217967884447795,11.302650453246425,5.979006574872182,4.647871421596802,16.01144335865854,18.022778471465177,29.281750091062985,21.715861905539278,1.5261316631323822,18.000282644923686,8.51819283814723,1.3342437049140088,4.636944001355916,62.67235379710637,3.8349488523988855,11.143614390244363,14.85692771865271,14.029393322308575,20.88186902277432,8.186577356013375,5.0544689725941065,4.750553874204263,5.386465160517079,6.396012390417239,2.335510339424233,9.922333351662747,5.058003853825707,3.57101830586862
P005,1,14.05402315772877,5.2188251993817385,18.342395451945624,6.4061961573746995,4.14885322427835,8.661638113210023,2.369042815741733,3.913024646229674,1.041792351706168,16.880216986938755,2.983173925158958,3.8315269900533266,17.943041383706245,18.315410051847447,11.760654587712494,9.185106125751139,0.9689778209220293,15.93154978001154,7.897430517158488,6.168062962827018,7.123248892156061,72.71738466517552,0.25324176427461537,10.867335530523455,15.149827032806495,10.478249242378663,14.162857764001625,5.437514760790906,2.3521872222337263,7.273720821847768,5.044482407045035,3.7743249845038194,2.173638822478973,13.527734370794292,4.147148243147835,4.121742989542613
P005,0,9.945910441649968,17.186122776742113,17.747822893409268,11.223898287829025,3.4991332219410936,9.142601967416953,3.0878495711326126,3.7522933128470215,2.6932864694300127,20.036077957205716,3.5689521089159286,5.368682491065806,16.228432381031666,39.676803307367294,5.552043229123468,11.766084189918926,8.856361076675615,24.317108315603697,5.959851360296658,8.642690271516848,9.084067356195877,71.14962555578767,2.8501096388114577,10.787607623075539,12.670210225519106,32.75879422675407,16.549387998130918,13.519494119131627,5.108569679701175,4.69874637778574,5.139154012958173,2.992885020712042,4.703260545850335,14.476856291496071,3.1186701004701094,7.837743797354681
P005,0,7.24064725689519,2.0996368427634082,22.87024674297161,18.499915365780186,1.3510722719978774,12.75604716404278,6.00906097659423,2.888452573803778,4.128401466519554,7.456748058707214,6.502475672516238,15.610576911750119,13.184555772037063,9.063365029024869,26.576288466854738,16.00494193133557,1.159145329389797,13.152832740090156,4.298492786597936,8.89189945522901,7.401378076623189,14.812133889131072,3.74370753491842,10.04756245107158,12.733157161210709,36.73592987439952,18.51193467072405,11.500145383094708,6.275153499556441,7.2691176242043225,3.3725523887804343,3.706057726566165,4.3127562246498865,32.01294113292956,3.54743159486424,3.862955964087768
P005,0,10.280367168194976,26.748937860823265,17.36846534367343,7.699149512564905,3.990309961210035,10.62350823543986,2.664071236133668,3.9359602498551878,4.4387372271143075,18.48657202064303,3.66760337084317,9.932755888109789,16.847842099999117,52.011114809539365,16.66496596228206,3.3197032636461037,10.956408922563432,19.5518970322374,6.654830097499392,6.224125606930005,9.286278788679493,76.35893179035864,5.550576969361401,10.851246712032353,10.464182986306337,38.31228848651268,18.86034517899257,5.3062115965060395,6.501916580291693,6.955861514899704,3.6273833508600917,2.5170374546736056,5.550310379119266,11.992488291964772,3.7455963640113823,22.30962149992404
P005,0,9.643407029700734,32.75318646920978,19.7179805021987,13.900104968893288,4.3030109312849465,10.794380408886987,2.7533146445208274,4.710615074421391,4.1256695225382245,14.401574883508937,3.2895987824645885,14.393931010194937,15.072924530119911,43.72405778359276,3.352531585858806,4.874275388116457,9.315320288225946,25.1002065422907,8.12877727446958,13.094315456948896,10.768609489235246,78.7716734188554,4.283287956908064,11.09043647246754,9.131690454541756,38.371405371052255,16.303770910555933,9.278356372513826,5.74472581183427,6.2833370815703775,4.483186391901528,2.8453115171631564,4.891697186066076,13.51031680739344,2.8453883030768865,4.803098235926337
P006,1,57.307118359492634,3.5461045241314664,27.59597623151165,10.945757920120366,12.855959490398476,3.6276981997831172,2.122328680587512,5.739139379950785,7.504166099508003,5.851295520560205,5.104311743535779,3.568325722227945,70.85327677926207,5.813309151015763,27.329357038427975,5.536441157907804,16.814286317529966,0.8202222903111377,4.37335169575138,9.103958034871615,5.595722330095465,16.882655807166405,7.256673937195929,6.64574277557187,68.97894997732104,2.283159717398476,32.99413222223167,15.55897785386287,8.582809711259976,5.693020075684248,1.5418322937769517,5.14878408956839,6.860815183101397,5.730679323646974,7.849955476082256,2.709571903984648
P006,0,69.29874381943678,5.809995227412436,45.16790895952925,4.35481201384108,10.417630537013775,8.417395859638683,3.186225459968621,6.775488081081401,20.842885944331233,5.260318730786751,8.567613550195137,5.063126078732717,83.71122892774977,25.093269526847052,62.40490948878086,6.73672554464549,14.148438740449023,8.84519208053999,0.9873143005309402,10.224936269190888,13.129979668026834,12.61198535300914,6.401118099071731,9.842404136257601,86.9625521721439,15.01707983218895,56.8729991389157,9.527795147927302,6.892770805958191,10.897170157596047,3.241794587779019,3.4116269366692364,31.875932684886884,5.258346937599836,8.145288566781494,3.8307600224721368
P006,0,82.81913385743471,12.82090175128559,63.719180424842214,13.25640022671225,15.89108218877114,8.734616268803414,2.758692678704347,6.53247436269757,42.65838058422842,5.5381016984030165,6.912675551359193,4.555739616525219,86.84714052086663,22.990990748581538,69.24986914071265,19.009447273841552,13.667594119910712,3.9881686931013136,5.21502492501385,11.826669458822087,25.91491149232698,14.884113910209418,6.653881809182093,10.322195355592523,72.2256104534328,8.54592890698392,45.170111003578036,9.543200017377647,3.0442996899698356,6.883164000753434,3.9085431355444085,7.896029604989107,8.166059510057798,5.613739026194694,9.08178450263609,4.159780103827182
P006,0,78.96304524637641,12.676822581600264,51.814970776521136,4.314622563986438,9.376915958329064,7.830605220029407,4.325852389914348,5.330826307292855,14.969418147647463,5.457871378232744,7.5496147624322045,3.768700442706445,106.88680790394646,26.773121618068807,60.224467446096256,5.301577309134417,13.405659742503081,7.7728972093053645,3.8383854760203193,1.2430989459039181,80.99509646557127,15.092570664602135,5.592319164887678,7.174966489967391,77.48361402705451,14.326471297100118,50.60988295879553,9.409779207608674,5.604346108144297,7.464396145381213,2.5423554070198704,3.6311232174369676,15.300168458329562,4.80653379475003,6.607314595982902,3.2758643323814796
P006,1,70.01578003377712,4.500992225223541,40.097141329218196,2.328730748391466,12.297182541205462,4.70632127404455,3.012792887024486,3.6279552841731175,5.384627017929036,5.971229170074772,7.2587931265812715,3.534518217955436,82.5346156630554,9.893657494744808,36.35151070184779,8.90344347996431,9.631220924061592,0.979790190154111,5.448466345808917,9.324681664069612,19.006527873752187,16.80683181891593,7.89211031925776,7.154880765282544,77.68998619570607,5.310803469449299,42.74782689598483,10.646601288709462,6.667400884760589,5.9089755631033,2.482577030236898,5.533820727160969,11.312782184868151,5.90559503388376,8.264971831937945,2.568630163986077
P006,1,72.50055313842947,8.79365752195292,44.11806031023322,5.700105834422146,13.540108756691541,3.705677165530619,2.369663836318608,3.4056281505625847,6.493234954872079,5.9426507715982435,7.8484478040443815,3.68330333444613,85.27243737899634,15.375167880105646,42.953175069610246,1.83057483039413,11.837121498938858,1.060568075737025,4.432231095960735,8.818316634761146,13.349775510078837,16.51629028088052,8.604108331786339,7.673896501128458,75.88527695714089,9.694741935710372,47.43535794854342,2.734970851485181,8.01302933600303,4.716035309620109,1.7402512255484823,2.9970829093353073,7.478011686621684,5.857591210054059,7.361918250334609,3.660803125522224
P006,1,72.08065007151514,6.776910989288069,47.332886679036065,3.533166291906574,7.522937601202973,3.356476826808668,1.0899104036007714,2.3356453118008274,6.078087722823688,6.058720563303274,6.790048557112295,4.562053620898167,85.54793567315906,13.92840971491699,47.48641400313209,3.9563326166859314,3.3500414477857587,1.0146490776843038,3.3640837202968683,7.58414751562743,6.817903679425797,17.16466453723435,7.672875769706894,8.474866404589257,74.62202431278584,7.850708787109316,49.453733179944386,8.957747445363324,6.229571106627967,7.667682096742072,2.6502682959255237,3.77246608228983,6.6169371540170925,7.6165816863224025,7.431422781767644,4.106579869444829
P006,1,69.6222291854654,9.618042753200406,52.72887382710398,19.280047860665785,9.67668432633113,10.778573243493296,0.6215358585069808,4.62069700366623,1.8573587589554514,6.361465553129964,8.306370929756884,5.975723013879805,76.12960117463658,14.37259478345563,47.757712663964284,13.590584432655826,6.647086718304919,6.074223230285665,7.22379152592565,8.825681820956945,8.039675461443641,14.397456598506292,8.423970703884732,10.183824871920207,80.21594322954486,7.171422149552451,48.84255460757123,12.269714873693143,14.936158163839545,9.836848295344245,3.0807145090569295,5.254335896554669,17.6415542616662,6.522345631533506,8.449439256104082,3.579947988254817
P006,1,74.44146743038075,4.023940882397705,45.648480626944725,16.27220641180274,14.701243424194208,8.500922216056125,4.205062890316514,4.787449525589811,7.506059562202287,6.0975905918364735,8.352503979841247,2.8666022763397465,84.37953901288073,9.31599009652047,43.59623225601879,7.467468505909234,22.036814465604163,3.538713464980057,10.568493972273654,10.14254162157561,9.959903484454832,15.279649121830394,8.713114426524577,5.165800288214552,78.66014385127389,10.447980981773092,59.88877891401573,36.40655168438856,15.581920350511814,7.589639622597446,2.291227517216508,3.9809292602643014,11.808063275012818,6.088096151521221,8.351102177147792,2.830780513234559
P006,1,75.12559553510427,9.129488542605793,53.15613400165377,19.40896654747511,14.110824554183361,6.655446102144067,3.683297593862298,5.596683683107341,9.454670767179033,5.95119818113392,8.560779899923642,4.222744829699293,92.98970429990568,15.999101916943454,53.395725042527815,12.025623710242824,14.91317545156935,3.3197341661824127,6.591706165066387,12.02282474135066,15.892031109209544,16.149163631162057,7.4110975519447795,7.551257062797141,79.38488884726607,10.350183989029636,53.96631981914178,15.672995662156143,9.05593713754896,6.546288846937458,3.2600050938551037,5.7752672951255475,13.144868010533205,5.390108969391241,6.755394604221067,3.630854671764118
P006,0,70.42198076016031,12.671177974980154,50.32907340175338,17.295044454483666,10.99882323769238,8.270138659917032,3.237276495115438,5.293290791251896,33.15833312514204,4.779239609593689,6.850782863176276,5.081290402305962,75.64171471217657,17.558751026593278,54.058311220291046,12.894645582521145,6.427987594280455,6.7138274542286585,1.2922268472197942,8.546125286591618,19.515244146668284,12.897453320202,6.973292365881058,10.77477182924557,65.31483307416691,5.543509379958254,35.43180897997545,6.843484473505336,0.5449256455108014,8.462986095466245,3.1004042778391336,7.413011729518921,5.218088118704935,5.579948466222835,8.158134015007573,4.71253695848044
P006,0,75.25762381247307,14.477966231908601,52.28448391952188,11.455273272686494,7.8414409121467825,10.912764760340007,3.088637138746104,7.457317869974867,25.07280120302034,5.293031673361749,7.255544497923799,4.713217677783301,99.50513873310118,28.05576953082349,61.33651635942552,12.774226263401593,14.074676081075854,9.367893413432373,1.6797585497179028,8.184943893419508,62.97070659700711,12.905655624725421,7.899724456666746,9.531212422199337,76.98576276465135,9.993490771066126,46.93809573765434,5.971089290307217,3.4125114417470455,9.566310599247192,3.5890204434477537,6.120719366986355,14.188504557636147,5.250452854222447,8.699208111136908,4.416317907904174
P008,1,6.796429235115474,20.931405443180545,5.184330046290738,48.58915661023359,12.582793277047283,22.80610749226848,0.6108100238693964,6.902028671629219,5.734896253150423,23.35104302783131,0.4848861613528371,4.108665980874635,7.744233999623222,23.62520298148063,15.987496517757446,46.61706016940079,18.58910211102556,26.71896492460784,1.6301256258036774,10.2176841274873,20.31261789922586,37.37095039295302,2.9485449622708444,10.568045846854506,23.43435979396143,9.419017973511139,19.84382608868679,36.69643297594913,13.050328507870148,18.400956346857107,4.01584905049763,5.717459093778004,11.471559908746794,19.35705068603636,4.1524980980504065,5.103271958002072
P008,0,40.757920118470324,15.531405210511053,20.522360929909336,9.685987318385354,10.61720611322628,7.101372115347482,2.900705844825744,10.331713119013276,30.00022311690351,21.11434052829593,4.307512775118136,3.7649520963223173,43.239166750800834,16.778278465500186,11.272510938354579,17.40307278921818,12.36004076164754,14.7741214333145,2.3505891108223564,5.962940206130286,9.948492309535505,36.55581019977173,5.166005751229486,3.1843764382504753,26.591022849455648,22.5293926637468,18.188369052102594,11.661905588737337,4.230040111090294,12.191390036410478,3.161207051355116,0.8615183623413444,3.2064823154034707,22.388541876090166,7.993915024201516,3.1244644932771397
P008,0,44.93713955608424,14.44998838371709,22.96156092250931,16.376993042036705,9.876913812308052,7.498949695322724,5.111751879049521,7.6724031354268405,27.102615797429735,19.647056219358564,5.633379100765767,2.1270419344479974,33.9468025431412,21.28022003270337,14.67710174098605,37.11890230416293,5.184336171086349,13.673958793982305,5.9887443972176815,1.7936775199635975,9.99982547645742,35.59645948245832,7.841574771167524,6.007463689290514,12.001169927205211,19.53449009024381,19.308589278599605,19.17222117239949,2.9228344145001146,10.47664447858811,2.278851472061106,3.4257253220752046,2.0679070707692695,21.323361603186594,6.277510543129695,3.3976177902958087
P008,0,23.291212209044936,18.46344870185057,16.435228812984747,12.434384994026349,4.421107414679085,4.636082736972533,6.436184808145919,7.085103360988977,3.097629823310938,19.595159889685267,7.751761315378625,2.823138192856267,53.472992691922954,14.462554653840996,11.144765133974387,8.695316481822038,11.445999591443048,10.070021588054335,8.823857836310367,8.07998268568264,38.79058133745474,34.4181560633507,5.561642152940927,4.155794998508179,40.71936938598162,14.090792735639422,17.38798787237837,15.405201306078391,4.397777645953839,7.176650686977631,8.570863275890272,8.41573180445726,25.018400895738527,20.19878948523141,6.595922731944808,2.615651805983821
P008,0,10.307587865702729,11.240624657115584,17.000792213884154,21.91099946258057,2.113139938094426,9.606114769798186,2.618757847161274,4.784140081775076,2.697273421850871,21.057833995934452,7.688420307474267,4.47281591927325,46.63539281146824,16.9521346483696,11.146294697152783,4.387755135484609,13.681830798920668,9.348972995896682,7.4804538430319925,7.255585539623634,18.654611657763375,33.107941195003136,4.827241342970725,3.6701484739603343,41.966085125325925,10.578817447205676,16.94144400435372,11.835980214150553,9.503085225806256,9.676729115022088,7.6128856272172145,9.737961924627218,25.63582564397824,21.13919946595982,5.429108591727082,1.8876002995642076
P008,1,12.320252207949718,26.28966426247365,21.6275350499328,10.678638123249401,15.717763829533464,12.634639140134574,1.499945135366076,0.7578172112336645,12.006030302603643,21.107258949703283,2.2853750600445437,2.626136441814249,13.26830812173434,25.877777540275666,34.07976851244618,5.392263570668588,16.77957019089202,17.568350468336043,0.42588437282187924,1.233742697458861,10.528617914847526,34.966086320596716,5.707539495546813,62.91109885436483,18.02543003013999,23.854356950930587,21.520412895779216,25.12841585143729,13.286932293788805,13.065142679802296,3.2773413647917904,2.925213707017592,6.966137976999188,22.312173198381018,4.418538518325166,22.008035442180855
P008,1,12.600863894394438,22.451842856320518,26.40965043189116,13.269293423593606,16.42189212458794,22.09826224964568,2.8393701873640795,5.934675432449756,11.33842045065823,25.73501225864223,5.295518837337285,8.393176240720742,17.37453155758513,27.24202232905784,36.578878666051075,10.037280170794753,16.433159878604286,25.83642108822563,9.750745235359268,10.517380658743003,9.748870442069412,39.46583014448616,4.467133394070518,4.06537188033541,18.135860936929078,25.56137845378118,22.9791652255714,11.9388599710803,10.226536720300242,20.766768342587287,2.441415000272977,5.330907897573792,5.185258286695583,23.82555686290007,2.510837525605281,3.065029071762761
P008,1,14.139007502794636,26.67591000998193,20.863646629768873,4.48441283658156,2.7505151208633736,9.25288594408747,3.508199023555174,2.469077168105966,6.283822187445685,21.310163106494237,0.5981610427201176,4.1218450832955975,11.88993792322382,23.82762671389897,34.13549768866037,5.578086830685267,13.808175024409678,13.869618883238923,8.178806522731389,1.4384256296316238,15.44863146820874,34.77742838898183,2.8655130984005397,2.609563369418704,3.722782563418994,19.667911125232074,23.53784772685176,7.897396823793246,6.6837911247713295,11.054036712121512,3.2671194270352744,5.094443212888693,9.357142863942315,21.24469822556069,3.079648969781671,2.8206983360207136
P008,1,10.732829799337281,14.785149333733063,24.682588214630343,16.435969141766115,12.545183717998139,10.379487996240309,3.1135768603877283,4.802259645318498,13.100603621733947,22.512121030406743,1.2597865637720118,26.80468588454743,13.19426808641685,17.736431392391335,28.31247318062829,35.35455233013154,8.698885036207606,15.86194011025139,8.972717041575638,3.7622096791044113,12.407354005976034,36.49367966139283,0.9344814036860527,32.88350644201345,10.160016888616068,18.486895699866146,20.914803199822217,29.807214364727763,0.9232753290817485,8.78953562636506,2.73157240844165,1.0015399196022117,7.3463601824450375,20.93831869286083,0.7773052689218247,7.361514993291979
P008,1,12.630265956884653,15.67123010576347,23.581303800474036,15.259065286788223,6.276373680747628,9.293690253566924,3.136261754479146,4.1474885054796555,11.471577468033166,21.72541294284266,0.9061124236212805,45.009692020342605,10.118602796978468,11.575694340639417,26.866718785330608,3.33965383214177,6.733597784328168,12.725291898684945,9.011797058549632,4.5870801939141455,2.948814128574763,34.86684226492618,3.724341199914788,106.35437839663277,8.316617584462596,13.004141631077335,26.001099984632397,12.55527617451871,4.222827360511256,9.539759359035438,2.0980964590466042,5.983859308775941,11.415498592818759,21.05533165620816,1.9426768365657352,19.14022958952595
P008,1,4.532145957852736,18.40670877178912,26.347764580849297,9.49000230773603,6.014871026764396,11.008544834424551,1.991057810661171,3.551258810228332,9.319323520419465,22.412632301451602,0.7001304333005194,3.0860375656495918,3.227886074610852,18.007129205124308,35.61181097389183,2.9745437005528936,15.257881075302203,12.876465664220172,9.215978828980894,3.1833815590882084,22.672894180043766,35.26190960741298,1.9886413089707644,3.521238384776389,5.745810598552377,11.082989786551304,24.53284041965657,11.310566515360692,5.838467221201097,9.133492323580723,1.5914502473359533,7.366308937434717,10.29220868864834,20.75222074416686,2.579716042567641,16.595261795820107
P008,1,4.269463381553412,9.054101207810499,22.781609599067334,27.281781718527476,8.631895502323033,9.823364448124495,3.1869720033030804,6.585715202198332,8.139818300873495,22.017421563370988,1.3173298110424938,19.04358801066693,18.86975206553686,7.648945690028723,30.797799440073902,13.640187171410187,7.205352256060007,12.35747530967059,1.811146266851401,6.520007721726406,10.521327422111387,35.58743823177418,2.8166764654557697,7.0721855046200774,4.508897314319604,14.068935081015193,25.315919312985436,17.663455556701468,6.482102209207764,11.183896833770417,1.82237608808382,4.741609717843839,9.533962910850269,21.91588742457136,1.1681027773218475,3.3311690293137852
P008,0,41.08719884936674,18.218795439398992,18.021387035672454,11.219823828691213,12.899768486465836,5.87174877618654,3.822829491087451,6.472404241567941,36.73067030988942,19.752163307299405,3.8981252232188934,2.1501533780603714,40.49657850092167,21.484980461110887,10.069549607675658,13.0707199788363,9.896601962051855,14.130366094224893,4.100830523168602,1.5548223386911544,14.629882858033284,35.22946538606365,6.354046983600459,5.531168271522189,26.144948940373318,25.183028022785336,16.09931508673404,15.802995535573723,1.664811798539192,11.1074822884443,2.248204360813291,3.385716854126359,2.5489660077954768,21.429662321375872,7.262952402211932,2.8881782968324368
P009,1,17.89888590012446,27.51241787007608,7.173074068936347,61.375383215058456,1.6988535316903821,2.8750105639132273,0.6284748910245014,5.800107722672172,0.9562031021830002,1.9573391228617865,1.7589261318943414,6.112039019583551,16.706341842034984,29.58274754399967,7.0903381900566504,53.811819577507435,3.237109527692283,4.652979587467096,2.6845974815887033,9.540196823115439,3.547705154397671,8.34556296047576,2.20406772309813,11.352913912218812,18.02688188883572,24.719803901133716,6.3135599348174285,67.59164436394587,0.46842022313123693,8.504663811901523,0.6477030794074807,4.1675014617853225,2.287011304419856,3.6273372841434357,2.1827448646908936,5.919723197109034
P009,0,2.636947288431794,18.234861150100137,6.587249238007482,124.8160298710474,6.419832379534618,6.614494127154107,2.3606620700236123,5.1295921007157705,2.9586690988072384,6.571493829343586,3.90655237113522,4.017049511222654,2.045379180781204,20.5477854414866,3.577664922137269,127.42883180162536,5.297072027245764,7.692055354432585,5.520489277455026,12.281692221199958,2.176885502850611,4.846784224735037,5.198958398848302,4.892941352786755,7.620177972487125,27.071914978563626,11.344205267021989,124.61092780476088,6.136693299400145,7.309635282844509,4.658829532145875,8.24434097278014,3.6897278074914324,6.789778032968799,3.916123912174659,5.486748962905115
P009,0,13.873701645423035,37.0289519880012,20.757212670560932,93.29463628511705,9.90668721657184,5.891829963941417,5.481141852067343,15.166883157789869,5.724810569216211,25.309517309931746,3.6734597977194383,7.087394267445037,16.751044750064473,42.06549641942484,29.53632786351786,80.33512835373276,20.579825142653416,11.071398975837509,8.916612962929424,23.23749877702316,7.105053866223725,36.80219350839693,4.04344596303527,12.223119830167665,14.528273766824025,36.58654802869647,23.652052678747282,99.03305030093632,11.793306423430865,9.863069154315045,4.768192429568695,15.481115858596592,6.274571232346028,18.73007002918091,3.186033719437525,6.099943404676275
P009,0,12.111536799649924,31.95738897368267,12.64548512969682,118.5799702358837,10.640695785423585,5.512838176125939,2.6963511451658917,11.960939597136962,5.00742494150019,17.11138264799579,2.4732190554904934,6.813974765732984,21.033052727781154,36.13901234266788,26.207069371868243,103.88966398135577,17.954979113106948,8.650693376784648,2.966580854481086,20.884188216973847,4.438915317508892,23.3635947443271,2.4046367412188956,11.906168301813597,15.89846728072519,33.50551300327535,21.84958683312772,105.60873776453369,8.227157583179174,9.293843792454215,3.494476640912784,11.754197694939096,4.753591958997687,15.322891388864132,2.2135850858442963,5.688831037399257
P009,0,16.34399169021885,30.459109951712026,18.2550842538036,118.72410863439595,6.473905007954636,6.846117674842974,3.9517834654432478,7.71495044494777,3.721700681371955,14.78548335936856,2.387623765040857,6.684891382380589,17.91059291373964,35.593128151247434,42.908824492951844,107.33613843594667,14.862901061471982,10.094523769173705,2.469792820243016,21.891367180800003,3.0413242854354947,30.01188324621478,2.8432062340915563,11.689266939806505,19.113332924598573,28.60964647597526,21.293756515130703,119.92134084726766,4.758681258265601,6.337637318924048,3.0892039723380504,8.087832969201383,2.9933219875282,13.901849160407016,1.7720052711133918,5.844888835119873
P009,0,13.972622778181426,24.63706634701046,15.638993083053027,135.95291933808878,5.710044882891765,3.9597127721135963,3.2206912194966364,5.417326409458949,2.8953976002581747,7.7943408625911035,1.0888865695234842,6.489071001245913,18.84954933267905,26.913219930438423,37.6362861421761,115.5531362782762,12.326461330460274,7.1289034438963075,4.710162440943089,18.22997230853182,1.6804918709647758,32.530022134899966,2.180280071264298,11.734133584704704,14.022321707297863,36.68672338045896,30.189417131259866,92.63617229385207,3.833154849543584,6.592490583764861,3.8229344396104707,8.64227648741471,2.5802505077993283,17.142835185716898,0.659031979651337,6.223461300316737
P009,1,16.643656319681334,24.22004129028153,2.9037185246028354,73.38943279414052,0.7030939915787215,8.420939267119895,0.48887866447523864,3.3736958114541595,1.151604780048153,4.676633883559243,2.677499471767257,6.802903015874352,17.572452335637763,29.11319359354464,5.531673942867751,50.44941276000895,3.4066953097138777,4.209679919164505,2.2337445006838124,9.345721773733112,4.20011829834897,6.606891462725424,2.7353802085801875,11.515085852827514,13.430979902688,27.65329739896428,9.343734947349393,73.46148571985368,1.159848169185247,8.795425803564203,1.260747433598695,5.464788053308486,2.2560832636696935,10.316200011285307,2.8775924295014077,5.647891879474239
P009,1,11.233711680982074,18.038446085403212,3.737010051526074,94.75240216511453,2.8939369560905774,21.539420944622144,2.41190786536511,5.905176126441377,1.9648092212225372,5.31019477181215,2.817632858067358,6.398177512564452,19.72512091458947,19.416334579132933,2.5372909356607662,70.75272637212976,0.5881838903743045,2.7038468289815327,6.987010627486278,4.091548996449681,3.2561381475190587,6.9997349293792315,2.355440448423812,11.584225586913792,18.07071661571509,23.966161525148785,9.090788794624306,84.0618008703918,2.3241205580674347,10.338569089608232,1.7948651925035577,2.2927552829073603,3.664216767186256,21.068490604244577,1.699918204799161,5.764311054925121
P009,0,6.420338735205233,15.80717066397201,8.415713208364284,121.25156941388987,3.001439495543478,10.134318894065466,2.289556396353551,5.98431402464946,7.660669362774049,7.149616745061917,1.2640389685134636,4.314597156284777,6.119579778873524,0.5412323396861126,22.713617566514326,108.93683978945043,4.234901972953715,3.8465265826080155,6.58965521022642,7.726268274248608,0.7531404174183891,17.507753952240723,1.4730531009090924,34.54813031027262,7.32716874726909,9.416986394388113,13.351784299488386,122.9979080163268,0.9735161403913992,14.188513874772331,5.496200687834796,4.7741995371879025,4.157867451954382,6.520786557899075,0.5796842795698837,11.439303920044074
P009,1,12.751313424590107,32.539232236209,13.39578223208623,86.30526679100944,0.40893358428804305,7.401559511234025,3.7648071480704615,5.728428963863588,2.0223704880971196,6.94446443340086,1.7572769005405333,6.840934180535134,5.931983289114932,42.269815892975885,20.667966861355083,52.62503628852263,1.5888655270012861,16.705114986205942,7.680618021772278,17.092420202399886,3.116772763495441,31.960693580848705,2.784026057294335,12.478389037087677,15.768382690885806,28.88263842144961,12.66130753942332,94.48450110020981,2.5052361156276164,6.292419005111635,4.9590353791278785,4.593648361971266,3.6124785064208518,6.694222456035808,2.146295420154837,5.739651838330208
P009,1,13.66011167124222,27.496231377130858,10.304004677983148,111.45850847161947,2.3270074957523774,3.816694042019782,6.021196237949188,2.838223729234143,2.6311642560476285,10.145801306153688,2.1489864557743177,5.745167937009616,14.543454157909384,36.07620078926123,18.488207659021967,84.29146529781906,2.9079000964737247,8.642623089779379,9.3497731123865,12.33581089831966,4.83196292294471,32.15442946828861,1.2341825409381015,11.728974851001498,18.749296064654242,29.020213406289393,14.406368197069312,93.34033565432041,0.8100419279484043,1.5228031542327556,3.5587665286216748,1.8671378949394934,2.334883157986944,6.395113167712528,1.2553682429452793,5.862013058875982
P009,1,11.826857258272259,33.25463351774628,16.422258745537867,73.03108471088876,1.1428306904643506,2.4078563819713237,3.213362633678662,1.6548345283807293,1.502059391528396,5.3791227667939365,1.2916838875860903,6.358106786219368,2.1859331265598643,41.75127773533338,21.14247923796304,50.60576115435776,3.4792257689609825,4.314502800691623,7.601733228306482,5.533935728124907,4.134999275721121,30.259784593385625,1.0389884088178605,11.708652363383841,5.710845219565021,37.984137849509224,22.068093638235773,59.71614508541893,0.8095019694297548,3.762855345650337,2.0780229651102173,4.005478150586444,2.6593858769668115,9.567624779860932,1.1855460563937115,6.000062356545745
P009,1,2.9799213537273403,16.76268385700999,2.0703637436585054,128.15334768875132,3.963017101071382,5.7455748272813025,3.8659268838192573,4.527680513275311,2.1110709361197912,4.019705127168693,2.5901026146856365,7.024185543733222,0.7928855676036392,16.246084373982956,1.254094338744999,128.9381867484487,0.5940389488565273,2.0595234340041886,8.672591460873287,3.727077479417301,4.3545769749266565,11.478286724005875,2.855799614996465,11.906187283392354,3.631405004304105,17.074635601311016,0.981423673739023,130.94343090309775,2.7318338939061335,8.002629667110622,4.165798737621458,5.265579465440309,2.5742686928993486,4.493904831972621,2.3895579806331737,5.649316676307849
P009,1,8.766427589656619,28.998395333758378,19.559151086551587,127.50898854910977,4.40221518165783,4.515560696050495,4.966656385917231,2.258392348739291,2.525094532254159,10.648163652948629,4.343706184697254,6.032576837600318,9.910297588101518,32.50155604224321,33.920161000013266,122.72007294293428,4.442355529011273,5.346772700082184,6.188640497831099,7.81860085330162,2.0815327606398926,5.58558994499168,4.522280803116727,12.211828135080848,3.8736592306310627,17.600244491401593,8.833986825259792,122.16298313779396,3.1700921416316676,12.131432635516529,4.877035534186187,3.778532489947891,2.8419780842426583,5.149290624854509,2.982770957081752,4.113126875270076
P007,1,1.8810995992290658,20.495365129152397,15.725915872690987,41.38222334643772,5.746570606920239,4.861106132900555,6.055337636314212,7.7538190747333315,7.852276110959721,8.432523307778467,3.339559085193484,3.354877663290419,4.65217513792553,18.493757493720935,13.3090108111586,44.75014033626435,2.7477863176454904,10.397557423715941,9.13699855628165,9.185706591053682,2.390486770879746,12.680736041125549,2.7502552374229694,8.777566955579035,1.850965265361309,17.092585204753014,12.898113526436012,48.84282675955431,5.1684751432941995,4.99041556709209,5.677683979795303,6.191009388467857,7.558942751252888,7.142296862882176,2.988927280789382,2.52527336377949
P007,1,10.1365076841806,30.018583179019195,51.54788082814406,21.493292858630216,3.887074272013868,9.791349515494048,5.511348741105836,3.249670090585853,6.992134673503432,30.783555761285264,1.4234447940668389,5.23358166531612,3.8678103782465385,40.38770584616826,72.97809849451453,7.604398110168665,6.3276779166735295,11.264477913593321,5.687932493830729,2.269096502873886,3.535049926838525,43.65701813766166,4.427595767673504,10.69543462530147,15.705057020672948,23.540816854310016,43.778315498943975,29.022649892166264,4.4477555015197066,11.643519934688605,3.9775604510951523,3.564568412725896,4.644214354594333,7.945065089835599,2.218573571503575,4.991261904191075
P007,1,1.2948192008254167,17.22951664737844,11.879619165128831,48.259329996949596,5.058305450577359,6.623052094494002,6.695383358796009,7.104865452548869,6.972968210557343,6.108475301562418,2.5731397754154215,1.8230132638252148,4.663359045044027,14.57196324345951,10.391865852105886,53.802294483992554,2.3598114098846095,9.12976210037068,10.778731656599325,11.271928540995201,1.3474376061227467,9.936073185023812,2.926471918368456,7.866892873298586,6.657001078796571,19.203358196408573,19.63444492299115,46.88899107965277,5.398870054960861,5.0629414002657045,5.912243114835069,6.582756278120053,8.004581434000714,4.013093835986431,2.5165736469049547,2.344450662590717
P007,1,4.894124771738108,18.726941480242147,15.815541657486147,46.8817030481125,4.6805423061442495,6.6749882427732175,5.863335024029635,6.957417327610837,7.455199767244283,5.02672568475056,2.1946765699730064,2.8965611620642213,8.444229561953456,16.624429806903485,15.907627044720922,48.17222971053065,1.9231825186084308,10.654070563952327,10.151435432361353,11.087959938516526,1.6801405612227434,14.535461103663078,2.147183255702386,9.29626825003278,7.9546343844879726,22.1759931312972,20.637948649563484,45.61004541736067,5.074086523204999,5.623618336895776,5.791017184347885,6.585004408653115,8.111259870843714,8.386737440219676,2.0055656786908385,3.5194401429075386
P007,1,7.2289333743717235,23.512219684876356,16.040296885657753,47.4123140819008,5.46213062627176,5.547324207106546,6.467196993699458,6.714350010534771,7.961338781723495,9.79430395894987,1.405753503338674,3.060579999927134,11.424756861022043,20.726549934472708,19.77266521943755,45.63968043149565,1.1584160835965007,8.92683578327177,9.187816620613642,12.005475272503661,2.4176467505937147,14.775656963061394,1.37328299280193,10.66497234923449,7.810480437876118,18.966211736942245,17.2698247530245,51.10647170161455,4.925989611783747,5.8535915964866465,4.7275003011833565,6.6133058252745105,8.962060816013343,5.183089664543564,1.4423089704403567,2.752941866498913
P007,1,7.418352407557049,19.937746460850168,17.905537622769046,49.67202886425373,4.4763654561263335,6.515165963340623,5.219166631179277,7.286786107081591,7.294898367003965,4.99907513983706,1.2390507132024866,3.7601030406818254,10.276388483608498,17.69436464834424,16.142537848218133,51.868210983242385,2.042356866792349,10.40904088434571,9.81153317166604,10.753835566721367,2.2744642724768744,14.244021931402795,1.3174838466045173,9.313622695311143,9.066933640891845,22.27499765626562,18.40789878615806,52.47441435530319,4.8115177836236045,4.900657304784765,5.829157262413231,5.797349446591066,8.193354606202181,10.187477344795814,1.2045755264439848,2.8098815811694515
P007,1,12.784216816747882,24.385110732749148,36.804010787536015,35.308965311460575,4.296701967570364,5.944024613327272,6.250233257365212,5.813616191678361,6.516256260798104,12.601506491515092,1.3640131952326116,4.596133239439184,18.02099138676932,38.183633160447854,55.358444788096975,13.279841588216112,1.6704145664762406,5.468844814196869,8.93994199979931,1.2736291860745126,1.4356680860976367,47.20981915831054,2.592241924445041,11.426136400409806,16.9563354822019,27.99076191883441,51.55465323546473,25.109376462505402,3.0792245759985972,6.249782242130841,3.8637292742182,4.601999638575539,6.921990584237716,16.54915860815787,1.8255736057892549,4.926116467713563
P007,0,19.474075475443595,26.78411830266935,55.80011073322741,21.010421959222192,4.4006810905184555,6.404370176379112,4.103037201719362,5.626064387134937,7.328518991526927,14.828158373877296,1.1911596333704721,5.071229789502267,20.646656156582953,31.175218087757933,70.5530145899809,23.637127449858347,3.7851854894068753,4.101312645910314,6.050892009503923,2.2248879682223346,1.7129101889714682,26.642376465751767,2.497254179198572,10.47951699609801,13.702900971154406,13.162209607736083,67.55098204888014,50.21207456209741,2.190726172499507,4.825363103075671,4.737200771138985,5.6036838658877155,5.312439006085585,3.6651947275805172,2.1040102649190957,4.2973640514359825
P007,1,15.77705425263444,17.150763766459654,23.52030516046766,49.09889848039933,7.221130771029562,2.7643949088604574,2.9379242409352786,5.773262012678098,8.781271059910635,14.413969125756969,1.0162957195219051,4.083983623131807,19.66411103447367,27.934506298011236,27.611534060227683,40.00115007815423,8.146128712889329,4.107346731391947,3.1781798421918284,4.446264412917865,4.530041604796361,15.759400665124915,1.8735138205163622,9.484147813631544,19.368323356311596,18.383021645496235,40.68871240458382,42.55603888681858,3.737342184651554,7.401056040747511,2.1764290795488237,5.209391155617373,6.115203593979015,4.871954190190374,1.0302893864770852,3.5268259995876905
P007,1,19.40045624840881,17.522072977164804,33.17777845559134,48.88710417390264,4.5241041982521235,5.956229985543973,4.548964521637393,7.9478369749150755,6.893458004985176,7.095556223032601,0.830480965743105,1.9540656005928647,20.152830552112206,20.529327966689713,55.35667106394327,11.286039657032969,3.9513208781741582,5.348146284702747,4.792007584727993,12.133159230560997,1.9269072742924913,11.856687751939965,0.2025638343762779,3.1445173252563925,18.91456717999647,19.45237697742531,41.03181834326305,36.63419981688807,3.307878274489184,7.875649266023169,2.032623966636689,7.005272537360409,6.251659048594275,4.390730176033929,0.36994380831105217,3.3605876008054474
