pos_pc1,pos_pc2,pos_pc3,pos_pc4,pos_pc5,pos_pc6,pos_pc7,pos_pc8,pos_pc9,pos_pc10,pos_pc11,pos_pc12,pos_pc13,pos_pc14,pos_pc15,vel_pc1,vel_pc2,vel_pc3,vel_pc4,vel_pc5,vel_pc6,vel_pc7,vel_pc8,vel_pc9,vel_pc10,vel_pc11,vel_pc12,vel_pc13,vel_pc14,vel_pc15,acc_pc1,acc_pc2,acc_pc3,acc_pc4,acc_pc5,acc_pc6,acc_pc7,acc_pc8,acc_pc9,acc_pc10,acc_pc11,acc_pc12,acc_pc13,acc_pc14,acc_pc15,subject,correct
-66.8834871494551,-16.747582976886576,-6.216277166479932,-2.3893746383460255,-8.793849286187475,-12.406662427600924,-8.00632579704118,3.7877223949916496,1.455540991096032,-2.7590528922696245,5.298953347403608,-0.39928929845297434,-0.21609995556509962,-0.41395490833927084,1.2339282843968677,-0.8343037797635098,-13.543480499630277,4.910636459914155,6.0237421793426735,-0.07787110170401368,4.733678371280803,5.0766203367830665,0.42340328215224055,5.901918797172258,0.842341600170962,-4.098935039403635,6.4496089950972735,0.39421649388627594,3.185468003835669,7.005316365022633,1.779430599118369,1.874352656415382,0.886998861852961,0.686532396100788,-2.6465911643730085,0.9770599988200501,8.169355563955733,-0.19130238734251884,2.1551092895954653,4.750562099679762,-3.346944016786641,2.8399678289707433,-2.7298678936877594,0.1977691916813523,-2.626872781325775,P001,1
-66.45214539495656,-18.003798092403464,-8.638915254221116,-8.883280837238884,-9.063375411033787,-5.2264799377157845,2.708074435468382,10.356020076553467,7.25991668365055,-1.857847051017826,-2.5018797987031554,1.5194248259859242,-3.318335592382308,-1.0285604881307595,-1.9243799119451401,3.576082481886479,1.6862858051174754,21.98168333439841,-4.698320520709972,-1.8696115973963958,7.776479121526765,-4.943579087772918,-2.015266219610657,16.302818367020084,2.308555566347789,-0.4494209881963623,-0.7464265567307281,-4.901033663234332,-6.508354405780562,0.8393107205774585,2.691199018808785,-0.27582326624770265,2.0883454796769243,0.36467371374186364,-1.6115028223838388,3.0519776476542293,1.6238231613520158,4.361735395405252,0.9797559066507616,0.6159967260066087,1.4994551848966062,0.7287159970198616,-1.941176182139887,-1.681644389918807,0.8781311078144057,P001,1
-67.0045769038281,-18.38568153809994,-6.801059703772791,-6.063841182179943,-10.50630901269974,-0.5786956684090282,0.466547023480936,11.358786633198338,6.383229934104672,-0.6019323566316045,0.4765353256306861,1.2414073295458408,-1.8062802994112197,1.0859317917356908,0.1676096770074278,0.8188864724369372,-9.637159745237973,-2.0432242192496006,0.7127350849557105,-0.28602278058786307,4.692766467407795,-11.546793794587456,1.1949381075146805,13.940172128965823,2.8624748406957945,-18.379679811546627,-4.75100130763323,0.14396496028611958,-5.48526353413582,9.956082925654316,0.2919781665735672,3.638653355921344,6.419229369646311,8.668187475087121,-2.0083654246566662,-1.6087296890765213,-0.7564098143032566,6.869885335567854,-0.6593241438490589,5.420717622339792,3.5311060121496465,2.1029619720093584,-1.7595757342805591,2.365419676215,2.7523533386689816,P001,1
-68.55028622979498,-19.945962284326935,-10.230609362777159,-10.537392816465921,-9.25235205609316,-16.510999435725846,-2.1287058774874046,5.858050903692052,2.643219770874204,-3.399440622738067,3.8054974331250513,-1.4609173296637,-0.1569061271588318,0.6139057124184153,0.16522613174399858,3.8752074973893746,1.5992552821736867,14.714727763695738,-9.603325387439137,-7.003025693697557,3.351915473252063,-3.369196230965745,2.6179208351906285,12.273380292616924,0.835110791387414,-15.01738368873703,0.8216820887593442,-4.842777681845164,-6.8541499360526705,3.478451660804817,3.385436151732584,3.936519581544441,-2.2204593059971174,1.978462823965111,-3.7422370901306445,0.016230763062176187,1.5590019034521916,-3.560506955952237,5.454159554790035,4.4571998999705755,2.7083543125017404,-0.8936958349651244,-6.7855274574549895,1.2289967880008141,-6.140902739134136,P001,1
-69.35510442312162,-20.257887454566795,-6.426831768981661,-14.05730304688634,-13.146938457245094,0.5796438465186932,1.1644703148858826,4.427424359198168,6.50874176796478,-2.1697216955437852,3.6261592877328592,1.3924371597009257,-1.897884375807159,-0.8643788750332997,-0.48653231595208957,8.366842997498015,6.658926765511633,-11.778144183912868,-15.12404769057682,-6.183716688242607,5.956646282226264,-20.72033866602947,-4.5478138162450135,13.778438228627152,5.7336053849668,-23.635056856149674,-4.485964136821049,-2.2125197141597694,-4.376737780189281,2.2703238274976325,4.043808856001722,2.37907474505826,1.0770981438068132,-1.1216859914254034,0.8438228241947117,1.3194661601968416,3.5513378603298777,0.671842389836594,-4.406464770137733,-3.5741006832599305,-0.09232083067201025,-3.9266676792708366,0.981509229622835,6.307160309970921,0.7972540039604654,P001,1
-66.13873404073357,8.861330877629117,-0.6261738752705863,-2.3950207996014066,-6.440487116315949,-10.747898736806864,2.227375474762721,5.851981073630109,-8.916762081076085,-2.889018619214949,-0.5270775239022548,2.937931750733725,1.310797295169675,-5.252954974184783,-1.5081351137171277,-2.6199166366489566,-16.89974322741293,17.625288823219424,3.1367276792959737,-1.6441998986424389,-3.176296259983117,3.116568659619212,-1.3498772207961829,4.742867639432603,1.8161620193937853,1.3372947349442905,6.813178031516181,-2.3679569137231122,-4.50398891678819,3.315719031996502,3.956536349625718,3.7828973586946613,-1.5836942806592034,-4.147869166978517,-9.054065684786922,-1.4339122279160996,8.519489247077171,-3.887731601862155,2.112536455144816,-1.6119887409136755,-2.7143282002643754,-0.3668328238447695,-0.7808434997214915,-1.207633156313796,-1.4447371616924882,P001,1
-68.77059961305234,-16.00075463070581,2.1389840446566484,6.217647567068379,1.0115142490036702,6.003147876505876,-8.428994472318657,7.625194793785559,3.362026271444066,-1.524617835640237,-0.11921323148967417,-3.744575125589114,-0.01866076843850414,0.5132141060569025,-0.46413940003182086,6.750717072677474,-11.07116270262564,-9.465386456641,-6.280033390899303,1.5741280067280343,-2.86001629503626,-2.65339509048735,9.727712911104554,13.693634409046886,10.798657903862646,-8.098749226664657,6.796057836832236,-5.674650339397217,-4.561331696511894,12.657088905198782,2.0058460163120984,2.5463114682009964,2.0490446038633903,7.086646723446683,2.203075619355609,2.7682165599014565,9.368795561433663,-1.7260055888555101,3.9315507420372997,-1.498136098061965,5.18673049032864,2.7135174014097094,-2.6660494623391213,5.783567970675894,0.8453914431459075,P001,0
-66.76057306459882,10.010467422945585,8.871709583641605,5.7973330638380265,-6.099045677298418,13.845477823395111,-0.8586202062584103,6.406399688096761,-7.264126425286112,-1.5455044827464035,2.0856614996285305,0.7291907243366286,5.011887618085096,-1.1424817187979424,1.043263025765509,4.761290006474816,-26.665175788153363,-17.938288238356087,1.409030208832594,11.488328386601234,1.554162296937303,1.798968145190101,6.676905809857014,4.687042652140069,-1.8828121616796052,-4.757045090104846,-1.326394374585861,-5.190389692499009,4.254262188308937,9.020832510122016,3.700271664610496,5.190212255377189,5.5136130167235,5.6781040885634475,-1.1972561131983555,13.588334334236158,0.7539699844407339,1.3667021744399093,3.2262124722435317,3.1000677062144506,-0.28019716837421105,6.156683867932516,-2.6140137613213397,1.8064027033864343,6.622789567728284,P001,1
-68.16043002325281,10.564188272223017,6.28250554538148,7.038483309982774,-3.755500881711919,6.197165670736928,1.2390014345946025,10.065275563623889,-6.101281650182361,-0.8809054370817332,-2.908204826341021,0.1370389143391525,3.263092730727503,-2.3181484047032215,1.0022324580531652,4.721924196274746,-10.18857461576928,-5.24770869887276,-6.157786714662887,4.788493384861026,5.765644143683189,5.913304648181009,16.88282930853999,12.353587284371073,-0.45931398072193624,-7.1553807269123375,-10.475085668396371,5.684219938919278,-4.098994179554106,7.471188924507254,6.414595062725984,4.313450373129576,2.5733296858530297,8.44603425141809,-2.698589574933779,-0.7805097417359365,7.2036017255548055,-5.453636542981223,-0.9675421412900896,-1.983392688643702,-10.06889894843378,14.576349857553542,-4.99526100797141,2.4931866682023345,-5.781986863571132,P001,1
-68.03118883523508,10.377082882621314,4.998799479498769,4.553101909652172,-3.9436205303423963,3.690808642324405,2.614196272632746,10.068915982457826,-5.701616274483674,-1.0197354076407765,-3.6837652547960773,1.4325594681600435,2.3438199088068092,-3.0397198800445344,0.4693332953210601,3.240640627945361,-13.970038317584457,-2.516962030519768,-4.1348683201535446,4.294490884302198,-1.255607979273938,0.5961731984639801,10.514217467198597,13.605357596500452,-3.0032590175260623,-0.9606467355438545,0.1284442595320453,3.997528909562388,-3.3131105446706117,2.6001828779833343,3.747651703600157,6.227687615596455,0.7138287149310912,6.731464407914471,-7.122822933284778,0.1670358919407864,5.728303559036946,-5.5545387061107006,-5.340278303933575,4.704937363241496,-1.7174563816744974,3.4191589517975345,-3.553722731373161,1.269489585095942,-2.8200626308613423,P001,1
-66.93241102086492,9.557668729234845,6.845619473921489,1.0807107403834055,-7.685212720546441,12.551005936780133,0.31537065693405353,6.015825123501274,-5.9707649742636475,-1.4138215085465295,0.8074345998818726,2.7709868519229857,2.908003725453233,-3.0553167358850906,0.680123527284448,2.558309964400018,-16.630034090683562,-14.566289942920454,-1.6152228024953807,15.76086744504685,9.0118586840517,-1.6782841182933659,3.713269099854422,13.160298809544662,-6.589258251039789,2.9728445692667895,-1.2186431756688783,10.643377544967288,0.6251463480993332,5.276263283519988,2.845125499577649,2.332598334668755,-4.582877887221626,9.89804500304601,6.430761594417819,5.829658613851451,1.9636440268158726,-3.366294751606271,-4.676402691702772,3.2274835591424798,0.7958558293642962,5.243132514521348,-5.461317894632454,4.785525860504559,1.4294824101773183,P001,1
-67.87452563402773,-17.671711633123948,1.0258672041012007,3.3754380659714447,-2.0460668180607837,1.4843926091803026,-7.365651745971434,5.070581320272378,1.166170563703573,-1.7017687373990982,2.0617193063129258,-6.246635783894271,1.0522172575578506,2.4947107529458856,-3.041440755676843,2.8551412310276367,-6.024658042512896,-7.784963717293474,-7.203508929476664,3.656812879750195,-2.6386827069722507,1.0176874263754654,-0.674739123730968,3.4496716729771437,19.2056931038278,-14.544667352401971,2.9996110271785343,-6.4251803886724375,-1.3100328216550996,6.932409406723832,1.9128652809089652,2.0700876198135902,-0.571341255040177,9.753640393350405,-2.277310680994102,6.9460666684160985,1.1734593431689864,0.9747245457023452,4.165989383309888,-1.5678422082725758,4.179301698662874,-2.101270132975809,-3.1312465891825565,0.5169921400408029,-1.8467658304375678,P001,0
-68.49428001490764,-17.57424945702799,1.0055087522697148,3.128016189570294,-2.4152138568908357,5.140855655957227,-9.119579237952987,7.1465157319889245,2.6554546542199757,-0.6913871230422395,3.1371758864280177,-3.4144287013999266,0.13017053056046865,0.9810756916088806,-0.577269047212634,6.412727560283698,-20.577161751512115,-12.604445352460871,-4.1018671715521196,8.791299101417541,-7.311812786023907,3.889883878050888,3.6987977313518474,7.039024152677376,4.140529072535707,-5.269709542876611,4.881343849237258,-1.347541227402555,-0.5674193003462972,9.808944083165443,3.381255011174944,3.1867602996673,0.604210866387586,4.078484267375745,-3.0883749597463153,8.111898881850529,1.8411251762303293,-3.0865323666356588,3.2207880608481436,3.0074126618836394,0.08577316997605804,4.903029403403302,-5.885761917919738,-0.32443428816717446,-0.3163384581766184,P001,0
-67.1262710561886,-16.829209676328276,0.3733535907438028,3.421863390849074,1.1847443537870548,0.6511205948728264,-11.861158618890705,6.0390900183436145,0.9775368253831609,-2.153466794629056,3.418623797494362,-2.85133550387656,-0.16988871420168264,0.682864943503901,0.5620794045652975,1.9408743284591787,-19.112877884505316,-8.278891578448862,2.420925543458921,5.701197359324569,0.6587429047451732,4.935389635244185,1.459005447056549,11.628896189497798,2.9782656457845316,-9.039298148594176,5.747539333215403,1.4307538447583699,-3.909383689465454,7.796758702547313,1.2611615973933261,8.069680505944916,-1.148684667320831,-1.9049339050674161,2.3171008143552085,4.813467474897994,3.132150147564523,-0.15295303746992758,10.198938222245667,0.6582199717901246,4.582400045997534,1.7489288045329319,-7.675707750185273,-0.5283855536102338,-3.718044201301458,P001,0
-67.05088391389424,-17.217860162865385,-0.5741653219070317,4.305296544124474,0.00311661033485157,-0.8389078852529922,-9.608238552867169,6.467959869012884,1.6614165694304572,-2.035782628410347,0.9046492224287851,-3.0865319744085986,-0.8557452880466107,-0.050320811640532925,-1.2084930912519738,-2.5407604897884135,-14.618116115435372,0.33921194896805135,2.3932188809196604,5.0515115807774,-1.5428814612447381,-1.3751894872746195,6.641516269275637,11.243625981073473,9.62696454815838,-5.81827434689583,8.2997618021346,-0.6442546020599206,-5.969310889278137,10.43064212142042,6.384573436168147,0.6959156606823145,1.2976799612775574,8.38763513491719,-9.559609532187599,-6.5445455123005525,6.2777948607551215,-7.865920097152924,8.307284268617721,3.2794244960048253,6.2165443768901065,-5.38016306201205,7.188850899974633,-5.0007867212997885,-2.10209798890359,P001,0
-37.07579343882647,-5.670641935562922,-18.341510566627147,8.141129933586258,15.222517792967581,1.8071252417816879,1.5971793411661475,-5.2042304324379485,4.196346631748975,-3.859192370669064,-2.513902539391212,-0.41644517758933725,3.4988127934665516,-0.22639920711784947,-0.11711376276799994,0.6880234691765494,-9.273055535919406,10.54154247444636,-5.3728977911174365,-0.19977768525139725,11.502345025431927,12.531366163606753,9.258044138722145,5.356583117207371,-2.0161315007783225,8.761576762430282,2.9264530034144305,-4.0035848520634865,4.4622041686116685,5.1496515391574995,-0.5917935838036696,-0.41108613028574725,1.8105415071675153,1.0147542766515996,-2.582897584558019,8.698227424255233,5.085366115716418,-5.060369907827958,-0.657292475815472,3.173771877478481,1.8431358822984374,-2.159808965415167,2.6860370198909416,-3.5979291681233923,-3.0045809085458464,P002,1
-42.88208348815566,-14.723218724636826,-19.27961262633866,10.421209288063315,-8.392657383019193,-1.1654598527930125,-0.34043467922504345,-5.940430200075565,4.038231803355792,6.758381392286006,1.9675805607286638,2.3028593913494637,1.6075420961901967,-1.5494140785662296,3.6012450106901386,15.286829474479832,23.918761120591846,-2.232794191961004,16.1281981325181,-21.354189981952747,7.12555978799446,-1.6085462686109064,-19.235624522323562,9.150902355243701,-33.85007557835641,6.116085771199858,5.106029897757461,6.81662418096291,25.335652933109426,22.362494143064474,1.9559879942538143,-5.379205146612972,6.555553926810632,-16.869895481684367,21.561440570530344,-15.092428448201582,-9.222058294921325,-20.268495127217797,-27.114284185304,-16.200424823287594,-16.77876571101009,-39.990905730682954,-19.589791577527887,8.623908545918043,9.761329411258073,P002,0
-39.60050466385923,-6.0411019802465855,-19.51675367000355,8.840923816349612,15.997798765367934,-8.469983167108076,-1.2522246776593102,-9.663435563689278,2.1847111885312214,-4.868076261437458,-0.10926580099385531,-0.10109454774772866,3.5070520479219867,-1.8449118915786706,-0.16593098160271735,2.603510219946652,-11.561621230888948,21.838776221195435,0.9830359445014155,-9.602790413838427,-3.7510174873614086,16.064757107012326,-0.6269852584539652,1.9052017745679615,-6.570638331145541,6.285969946437065,4.116317304640702,-3.6248509045150477,2.1158678123708072,-1.6169920950281609,3.542907725855367,-2.942246895224902,6.694395767489829,-2.0242363587018004,-7.971924691796018,2.2717563190771832,-3.743135372000954,1.3959140256137599,0.8487464098744405,6.612309288496913,3.1357812296192407,-8.22730170003037,-5.573110904356543,0.2129322793790544,-1.3763581377139438,P002,1
-39.469389615273094,-6.788158465059511,-18.593929257161633,7.553300898325525,15.378744468667735,-0.4178942270979845,1.8433240579612202,-6.162296996178283,4.862450853270099,-3.9174354161222333,-2.5402146367403935,0.3049831759250733,2.9611538371443826,-1.6268790806260156,-0.6746152391860906,0.8745194409782361,-9.454562132304101,18.219471965297576,2.3976758621754244,-11.696149651166373,11.237625481919537,11.095016825949509,3.438055315035004,5.406581380626892,1.0002665991968884,13.307936667010633,2.3024841875775164,-5.515820685801942,3.127026937566255,-6.562741502687693,2.595111115690084,-2.9716002308379434,2.712885462852694,-3.7475152320497513,-1.453808337310757,-0.4220036712561233,4.987449851468827,-4.044845105986545,-1.50889177748344,-2.9852232225812734,-2.0376085205276846,-3.634073314680406,3.7629383065178126,-0.8387957171108861,0.5782509501922166,P002,1
-40.522819583316945,-7.695273116427179,-18.63679475126732,3.924365508605774,13.247145655798938,-1.6140388060078903,3.398197443793266,-8.414647861747927,4.079761739810822,-4.384598359291675,-0.45738301236592394,-0.7901956105580389,4.025988692344703,-0.5555444337106487,-0.609566952523141,2.1230927232716374,-9.547209076933864,13.694150938980298,-5.600209771924038,-2.7815401419859835,0.5051794398908859,9.889082934626755,0.9946685413603037,3.6487171668101337,-4.125856816065344,2.674409954549546,0.28609334563334554,-4.332083034936476,-2.2468494180508,-0.7547938915997555,2.580355196202288,2.6366606178432614,5.815064389579149,5.269458366014653,-7.467273919259327,1.3286594097852276,2.083983337929031,-0.672673081213213,-1.187315312198014,1.0314307556733484,-5.279546876982926,-1.816710506289142,-6.469470364903777,-3.800690784362145,-3.738381857122514,P002,1
-41.43235222337086,-8.391238776254857,-18.27689376961298,2.438124384509196,11.524634516513158,0.11543943982146226,5.603608407654498,-7.813583958868945,4.986657047789265,-2.917678657353649,0.24391406879519825,-0.701284732485519,5.194580337328287,0.8619341096364829,1.3315400688742138,10.540275127074205,-0.9791266606847014,13.018808239300306,-27.05773705241242,-13.472207180575346,-1.9130118595897345,2.253522418239239,-18.75829845890502,31.6284551918073,-11.88494531385243,-4.335324000307014,43.116749811654294,8.939302014696796,13.50163491378613,-16.6670647719466,-2.530044294987605,-5.25520801590158,5.33311347202285,-8.44721213972001,-5.1480104093676164,0.3197829259390722,0.23837931813190122,4.339608853759444,-9.105806800777918,5.792918971104899,1.2659824712766365,-20.69724892087341,4.531381953157782,-21.42691661191958,-6.754825089237734,P002,1
-37.96791318984296,-18.16587759434157,-21.890667767791534,-1.4025537224213136,-2.075635234457429,6.953686283346412,0.6954189494217478,-5.324828107265797,8.766646538595097,3.2534401624594302,-3.6665205849032767,1.2101999986848893,-1.034410018649804,0.028313340029223,-1.4432431385674138,-2.081652672037049,55.27500700871792,28.67522956449343,1.666515438251662,12.133697055000894,25.080642974540794,-20.70252468666234,-36.978399633377386,14.530049863975933,6.419821483801861,35.164226552964735,-13.557090213146235,-27.17969475954428,8.637437220096224,9.481849489922395,-0.054606741930369115,0.9433099617018712,-7.591758214491822,1.2498919228059435,3.0716731994619786,14.216197531648952,-1.130575369997807,2.0481960802471275,6.773304891247935,-20.883630894268805,-11.501163390974458,-14.116710154854406,28.68675777943961,-0.9805901930071833,17.702656713091894,P002,0
-40.99799196935661,-19.232933343707582,-25.976979231907492,0.4917721736639846,-5.084338253823591,-12.584183009809674,-2.5100286178572637,-8.525669171826017,4.234275402327132,2.315721261236972,2.109132105044801,1.0382942062168903,2.0435793586329383,0.7652831968884051,-0.9920388369606967,-1.4418522256766644,30.8963426552878,32.242464997230734,7.357776383433886,-7.09747141200291,-5.087255696656695,18.98821229682114,-1.2844830878331515,-8.87755007680905,-15.270081464016716,-6.0672224053560395,-3.6865511377960383,15.87849260269994,-5.569389012167025,9.573860741624697,1.988204609373399,-2.681479972917753,-8.041201928211503,-15.683434108400837,-6.359896030981173,-23.728134634685983,-22.82474013140926,-13.553623006829111,-1.400617570879576,-11.990220327034972,3.045586505587018,-2.0465899217724637,-25.38170872250116,-8.279059738199113,-15.969389766674798,P002,0
-43.33538945505141,-14.868733999362801,-19.602023410865502,8.34372469881127,-4.786262467079733,7.11642167016008,0.46136852656403626,-1.661013055145183,8.6712001017771,6.485381973293805,-3.6164746345834176,-1.2543900574317486,1.6305699202366364,1.0260288669487283,1.8858295160792293,13.487506886319863,36.38811661178799,-9.663284820113178,-4.769606531779623,-16.033123863097142,41.017029242113786,-9.683049551459712,9.593562160992084,8.680301987180032,-12.708836313744502,7.997793851429398,-2.5032902088327207,0.44390705118615154,0.3622282024471439,4.629243150861225,0.45681842789303195,-1.6515927476639383,-2.381178371488302,-9.872299223841699,21.08425386398328,2.5860788403376804,12.233312191554289,-7.530593785597753,-4.943991996824901,-1.2207745315921212,-12.823706502963164,9.59526896731207,28.803500313446094,-13.383559813784812,-7.309944617559745,P002,0
-43.98032317256477,-15.205601273302952,-24.34639041179732,8.870568759707082,-5.26090573821456,-11.494232007814887,-0.5579510256906571,-4.220137183161694,5.958227274802816,6.388720394060347,-2.9633669749212004,4.471222240672339,-3.007177397036961,-4.128088424488631,-0.3571094557155025,-5.021100042753957,19.49310101779548,42.462583252526706,24.067925846525842,-14.010835909356318,-9.365732572906666,16.01909628050564,-22.0930189837576,3.7261111440052948,-10.042857391396458,18.52071995199919,-11.665805966039917,18.340897943738597,-17.737409356194405,8.910796738206152,3.3329812404787686,-3.4855604669595732,10.166198858764703,-9.528560056082862,-8.239358471602289,-9.482361285097717,-10.937454289671315,3.393432085658827,-2.211597531307029,-7.072582136350018,6.877028028674523,-11.426117469491304,-11.29539560048314,-8.873765949268092,-8.869576850453049,P002,0
-35.4902119791749,-18.424656608311924,-4.660588144627861,1.3728958975039063,3.406463146005775,14.053641625860934,3.674224657062267,-5.566017265600221,-2.746372983586582,-4.173102521296994,5.494025596942477,2.4508933858807276,-2.6543762048786754,1.329999216174958,2.697265225788469,4.77006251652723,-15.544710312778019,-31.30298051326688,-24.43621779949352,4.737876463554114,-8.677224441770814,-1.2468011941107602,-26.65206743678042,12.45628652080991,-26.39082296454119,9.306284846850582,-12.037085728108817,-1.5359329706575195,-1.3090076172665976,-0.5028477958521914,0.8141862064373939,12.105112145995827,4.548324987079874,5.537666135445915,6.962117502209718,-0.8054185475490482,3.3105337592369857,4.337586223154643,-4.534925055643709,-19.060106154295973,-2.2701342376721305,-0.15199498586233728,3.1810283715073053,6.770885262122151,-22.107822104361077,P003,1
-41.05975962131445,-24.547527230329262,-8.7555713381695,11.069390438947407,-12.330412631283918,5.929112128626793,8.931257002033893,-6.471898139486667,-2.6059804978913648,1.780892017214904,-0.7593833418242548,0.20232039064456436,-1.7644185556494805,2.787931292719845,-0.4204148331335397,9.723722383470593,71.69603534541878,-74.93211023276668,-3.4306872772602817,2.577184448015958,-25.688156941521104,6.719415257006026,15.51087609569635,-0.9594206396229243,-19.74420240466122,9.36496344078475,23.852951199785085,-19.06964664615433,-22.185263661194014,-4.367167623139415,-0.08815524058228641,6.8059231697893114,1.3845356091645704,-12.618512299406643,47.83312269035202,-11.166994916786951,-2.7614778357709038,-13.303132211393645,-26.320106827015472,41.35688888610619,7.862635200240992,9.50495309903853,10.227269226968025,37.183334326945015,-14.814096017043292,P003,0
-35.14426121433141,-18.24109077389714,-8.833203956141048,2.016669215195862,7.887414966419005,2.8059254620241245,8.378382517574787,1.4468617493759794,-2.685750745457013,-3.15692663002707,-0.6157966044102609,0.22652051557811226,-3.5140540288752002,1.9909688965683343,0.8687026889433763,2.2701883332853923,21.98463214409146,15.245105429349204,-13.04141558362811,-4.493919816730177,10.250635858331918,-10.384372801357772,3.7892281947206694,14.209592913913765,-2.003985283529193,-13.157003372045981,-0.4639883200429187,0.26966425521549037,-8.615680288392435,-11.390530996737233,5.3970548514949765,-4.189332968912682,13.837382696190184,-1.907505824883644,7.287265502217782,-22.410575148167425,17.01269542712123,9.803857414000026,-28.689192526176218,0.0037919474907563764,11.543000794344689,-0.27681146401720585,2.085661527223854,-34.97058262346595,11.905497261698534,P003,1
-35.12285670555759,-18.263844429010565,-8.295582607137842,1.8933802929602006,7.042335036861013,1.5968877630387022,8.035270879626875,-0.5711940452138854,-3.725928348863705,-3.7506782862886605,1.0933900883837178,0.0733385533621811,-2.923156179723059,1.8615196503395854,1.1061080487412411,8.104049883099195,9.161882941894017,7.683162620219453,-9.81695621184266,-9.19541316616426,-4.115860024886494,-15.45388488624961,5.9466497093340305,10.644726593534967,-1.285277894411014,-13.271925069122037,0.48996851637280736,0.3118122177992655,0.22998572920834423,-6.724256100168956,1.1408660714246728,-10.836245256796808,6.597296104187806,1.9079432084152983,11.210753889889517,-17.18241842783638,-14.483665181554496,7.950113333705526,-7.633486863195986,6.634003020230921,-19.19713659710777,-10.389978422649115,-0.3835255168702755,-8.810092202421197,8.262737845162885,P003,1
-35.082717493128506,-18.209554223598143,-8.617293371478784,1.2953792921263307,7.141650248384475,-0.20138018977080024,7.835254433767959,-1.4874239363677613,-4.431476070811615,-4.294162917823003,0.5786016391075726,-0.49108375615694266,-3.5881976292416975,0.9645657717135466,0.6951169406458072,2.8083090785897404,5.024138474890526,16.761560600880106,-4.305948171930611,-8.413194863705886,-12.465982661906404,-16.64669447960937,-1.3885768135817087,7.807864166981927,2.9638349333308294,-8.082647308738364,4.43781862365581,-0.9847119676666944,-1.196656969760413,-4.4734217206602995,4.815280535817944,-5.81568463634215,7.0534924827167504,-11.84282164819951,-5.880511706942039,-2.9470193780837195,-15.493583695923784,2.898587581668609,12.0460383210133,-9.892413904972923,23.533038033849248,12.738484183750234,-0.92106350977071,4.602677200119782,11.637424031580492,P003,1
-35.22191245673806,-16.59446744599471,-7.187692449091928,8.382853679188518,10.433042601373439,1.2453608868548829,6.7732190415136735,1.6782382398584652,-3.329488243928298,-3.4709802062137087,-4.035825142368568,-0.9830862872937906,-4.6854209138472624,-0.14608706615856396,0.8396781638899131,1.8493108333501496,4.106165669943319,22.435312530324936,0.15162425297150361,-14.860578243190071,6.3182418863454055,-18.37746362400697,12.986357763096974,11.15947185599225,4.3065571484405565,5.064027067568361,-2.039582821935082,-2.1115789918854815,-6.70043310751762,-2.298739627338046,4.056238753712525,-1.1038474272910224,3.1284240986835585,-3.4629205267027476,-1.3229749161675268,-7.599520773438545,-1.8543121956386648,2.9688410125173808,-1.4862697362267039,-7.364535613889861,9.599441172945442,10.714967783109433,11.956962319725182,-15.658079383232588,-1.1255639059576301,P003,1
-40.60093177010131,-18.323651820152236,-2.696374257728702,8.02954171133776,-4.435123318632143,14.542896721793685,7.194480010699615,-6.078456578279092,-4.113913001516923,-0.8119346595896799,1.1560776673306552,-2.4593520541601377,-1.851405405786401,1.090743109016391,-0.15230321946584147,9.32642310553106,23.332612012931108,-40.23142864237154,7.585050384963057,40.492726051597884,0.039745638102305726,3.8413043202493626,0.8705978650265649,0.5453577172487506,-2.4998449233856666,15.119650310417478,7.388630100127123,6.702206928019222,23.08123056986826,-15.631923280919786,-2.7919432758840728,7.06941004081542,-7.716708174033556,48.647066994493755,44.44321086240028,-1.8296237986450963,-48.76757893898775,26.236855946465386,21.043465042369114,-18.28316136576812,-4.275693243330195,-1.379432946347768,-3.164869194166821,0.3808683456633425,-8.49720858421089,P003,0
-39.826696352970146,-22.489944152174786,-10.642858371267215,6.95750507016484,-9.15818585005955,-5.914652172657821,10.307251072760453,-6.635261762736053,-5.857835659806909,-0.3674262488135636,0.98774697345856,-0.23763251981393316,-2.1154964351673975,0.9015804829576723,-1.724306094238195,-3.8952425388061163,66.55370682132296,11.571312862419253,12.737047736660864,-11.157448603500688,-7.2801257853703385,9.147940541049667,-2.17618927064625,-5.575517067439182,25.48456945573548,-6.608728596965774,-8.253635446829179,-6.77639213876224,-3.1055540248517244,2.364884449617385,3.125172641624544,-13.273164130941948,4.547425477492546,-46.4173014530335,-0.9166159022138156,8.92614306429368,-8.512052937422917,-31.93673279018162,31.989544031463595,-24.143849931887488,-19.79284436642402,8.758252814896782,13.086123479046424,10.10747809199906,-17.307615708690903,P003,0
-39.93584740450345,-22.376985316967023,-10.948735329776216,9.193192430977664,-8.0578742910131,-7.061161405676265,9.433710137605132,-5.255954403265294,-5.180546666141456,0.7158063857139991,0.8437818015320907,2.0139534566844555,-2.9966759831448173,1.7194586365797289,0.28846363495438604,-2.6254497230042158,41.76259985660005,-2.806356958447371,17.75367230357435,-9.92118350246033,-62.443568911537625,-2.1338247611556134,-6.341846535005281,15.85157712264032,-14.375675522509603,-12.447026473295601,-20.24631246902602,-1.9588025644334095,-11.218757677892334,-5.688889205377906,4.345675715752154,-5.3341012285130915,39.964546606579695,-27.03600682789593,10.7238720781177,-47.53715528377099,27.639120612055198,48.887538639357686,23.87982414449381,-5.81725420696235,-8.691524094162387,9.482792319582622,-4.391066528465135,12.90326553202445,3.2249927269183045,P003,0
-40.66766471445385,-23.18706385657681,-9.637089495826935,10.045139468823518,-6.1280099758424935,0.13146768785957055,10.658581897625059,-4.248174882456373,-3.5126108756069856,1.2975881740052504,-1.46482320028268,0.3037269251009455,-3.189368489900758,2.236258907869977,-0.4251840595017858,2.857035064158851,89.75609109055573,-19.356901836450856,-5.728114169270061,-4.422560587821287,21.135745891041644,25.173163820043303,19.802684947140808,-3.0883759046439523,15.319111301395898,-7.814217660521421,4.443114917779004,-1.4769427025707826,9.532430029538432,-10.653437530331699,2.809931903293915,-15.383497057443881,6.887852504526072,-11.661757857977106,24.329906556393116,0.4826767547549892,-12.78808012635333,-24.7064948925547,22.18089304238302,31.43002250307675,2.6704870435029413,7.821408545302044,4.459287535069793,-28.307064794705465,27.337489682257964,P003,0
-26.32397055553366,92.00695619261117,2.649129172312968,4.264568348965662,9.783077892321364,2.1804065452898502,0.9276184288479186,1.7543892206234903,-2.6361223192862804,1.7845910728172747,-3.0050482432825527,1.2424425147468159,0.5576833396906821,-0.20560776866928987,-0.38224635923124944,4.722598334668551,8.54976181093403,4.988047153127995,-24.46433559763511,0.5808080208868448,-28.838935197171924,3.2869677949283584,33.31680100233635,4.764013574424456,13.666741121121301,43.76896607617932,-10.793985284046062,21.887476077579596,5.000096111606132,12.650938300948363,-3.630898655072048,-94.33309261869609,-24.908985743871945,-8.885577967739694,22.04303411885956,36.58171286071309,15.06088525185731,21.544264216320936,-4.4078965660988585,-4.36259728707547,-1.0860162395686086,4.48089194062554,-18.28454204762128,-1.5443496822894371,-5.649434760763882,P004,1
-30.117422361753324,80.60155558525942,-3.5706787263695454,-16.65480792036488,-4.912448298471705,6.346288660591328,-1.2224118706910647,-7.28513222096209,0.6557603729059392,3.5488633515841115,-0.6774670712832342,-0.9696983911850469,-2.60780844969659,-1.6467678805294752,-0.7006185896339494,9.207190724355742,9.762312052446266,-10.6539584280347,-3.7685944019931785,5.4347912279492165,34.45217708735297,-18.143889692547823,-20.52074746470335,-36.73788553256292,-1.9672054090293627,9.878504720588994,30.777159457942474,21.208860683154477,-45.32188743958587,15.26606939945881,2.1227866133328326,39.354653062871954,-92.43882191941408,-31.946495207089992,13.552950887540737,-13.925072124657122,10.943544270861935,16.79356411492318,2.2629835183762044,-2.315534419186784,5.08169001228012,3.027066935532874,-6.659191810093196,-6.839444204895187,7.20295606220869,P004,0
-29.675411518992252,80.29736041231817,-3.962791873913862,-16.493312415593188,-5.335308477626033,0.7645617365762292,-1.9105259753677595,-7.908406395171605,-2.2354347587915506,3.512434970589901,5.987813897040117,-0.849209258429638,1.495896871754351,2.49933754036625,1.3606352746104697,8.241376842643927,-3.9415557477198053,-15.32125426107083,1.8285942857589732,-6.3648179821977635,-1.8436520015762201,-4.285788469434346,-15.519109822797622,-8.69663405104301,6.669060705939298,-20.18955259728558,7.231623251802314,6.495026718747402,4.689873441806,6.490515894839785,2.761799299187174,5.242844703102352,3.222691530115438,-5.398949008160285,-1.464514479842162,1.9128531211551625,-0.21324515951642709,-1.344377697162058,8.964480918149317,5.891472371187191,4.061572086765591,6.798412332259501,-8.742550656032082,-6.512153756688899,2.860638152454267,P004,0
-26.83101882996662,88.78555213938469,1.3807931127726774,2.9260177263658766,9.584240596591988,1.4268191746954937,-1.531865058819692,2.712843434841771,-2.0877363095391024,2.2655441074760754,-1.6492280463301765,1.2664493783148205,-0.31442163335929696,-0.28201170609386295,-0.1178353676261046,-0.15508012143589453,9.978557292402753,12.450255906836391,-7.510259885825928,9.75343697894185,-14.079252942548301,7.644220061675518,26.77427144436694,8.174538086918256,26.126663683064404,11.358372631494548,5.906795095506594,35.483821702255646,-10.980665263227069,5.680798498210287,3.178418888610715,-43.43785282577862,-30.361601085527994,42.295814536180984,-10.426139032353849,-52.84154894200433,23.647634743686243,-24.63699153886447,26.458648234229592,7.61093007133976,8.904009690417992,-17.77792609505921,13.850521282951604,10.288530760762573,-6.542613362944783,P004,1
-26.679594275874372,87.13219783065003,0.9315902174225462,-0.643121327345938,9.02292898388865,4.288623622985723,-2.6675409824093896,1.954226941338843,-0.6240188757603936,1.7890499119809053,0.001239243506524289,1.7112033103942001,-0.14058431189830856,0.19954371699727877,0.48464416833995005,3.8357920651036386,-2.8397481323465503,4.134742463551024,-16.1920124964131,-3.4214981338426185,7.575785534178175,-1.3486269743202028,10.964121145639709,5.016537537517263,8.435467875761939,0.35709435823647484,-1.603170262774952,6.6815422138051375,0.06032024106489521,0.6453835187658133,2.8665393452992323,-11.267085566153344,-2.8564820386331817,7.416297674183177,-8.677947692302205,-5.354012743768466,-11.606719146237406,0.8802004295284404,-22.55865346874338,-8.821708983615292,4.216835570206828,3.885052784419418,18.31713027703394,-1.5901300706399824,-14.626953574075381,P004,1
-27.654460882689893,87.16402833773174,-0.35800435675483633,1.5941440933075028,9.92105945650111,-2.5141314842632103,-4.000037255290806,1.1950873739117973,-1.111360807371865,1.6055561830937866,-0.7835486105905952,2.324144579840182,-1.018705874743801,-1.3726222011674674,0.16645842831053637,5.3165844133758,-8.967892911583997,19.1557875460914,-21.555282484659767,-7.836611646957273,1.3710360335910468,5.156270007048403,2.9230324611295964,3.1098976293632012,-5.298645202567573,6.8779453033693025,12.850711344661553,1.4271719065064423,-0.7196665805953735,-15.503559204243802,5.076098823572822,-12.750247143707295,-2.601907194345453,-11.24852426026539,-21.35540052436037,-3.349733449797402,-33.745259029418584,23.451476738096417,-7.086654116201243,20.514649224399346,5.959568602533718,-3.4825121509203028,15.604856561204445,-4.04778157419531,-25.55442595764508,P004,1
-25.09138766280145,82.85459177802153,-3.204787218114588,-2.9016544692592827,8.941417578217314,-4.840856545827417,-2.8854293646891227,1.5494496866355867,-0.7051848774157425,1.8075327116186888,-1.1306931189057734,0.50316012756805,-0.6485160295389186,0.6167837777015568,-0.46501053514248375,-1.4069695990495532,1.3835882213021846,25.227403795008758,-8.901477756334495,0.19540736946705822,-18.319961623289863,-5.317757575846902,4.294410820562094,-14.400172700729843,20.061418075863187,10.549750728405352,21.23469668003504,-12.540432128233247,11.589355015519738,-7.415185951739602,3.8652959101881628,-13.68536490526424,-7.133666465980361,-4.191657908261087,-24.409913196013573,-2.084199398121641,-18.593552221593953,5.690670645986683,-11.778296076600617,2.5416916816299713,7.839749515269118,-2.9797614502872665,15.879653770531707,4.139687745609273,12.976533959235354,P004,1
-24.37435895430799,80.53455106949234,-6.980454638084643,-7.517752643268884,7.337341184642719,-13.571256216584922,-4.421228663317273,-1.330995816926708,-3.1935454567905865,1.147435368860218,1.0721342569107948,-1.085282131748154,0.32127258102921963,1.6481625552712877,0.11170578386052935,5.4667397236285025,-5.549261010881562,28.989226876954515,0.030139396680941438,6.279522335317832,-11.19201036683382,4.5821857362667595,10.136396570988705,-21.94372302995091,-6.084789437226267,9.634289815866557,25.13015800765339,-20.8014518418088,4.118681833208982,15.060636246993948,5.075144379276676,0.0030844893252009974,-6.5921792612784085,-6.3228737428488095,-17.7150522285369,-3.3347474969757185,-16.34395922097952,-6.939409019078941,5.916437186917953,8.532237156288199,14.497616416530901,4.979696840943707,-21.77029149971448,10.974683271262315,-1.4271582345782876,P004,1
-26.663885862221672,79.51136484412956,-4.655589350227793,-11.83596912391803,-0.7004698928464075,1.7197342000350244,0.7810876072523769,-0.5210733674186984,0.06405135621722974,3.416217782567738,-4.230253762097922,-2.1473358399964004,-1.9431372193378746,0.03620598755694401,-2.3016004573053204,0.9743081497333219,3.7153139860018207,11.21326664522,-7.812563680330469,2.9690266118846513,0.2987370478061072,-7.437483817580164,7.5761623519542365,-2.6442915401888163,1.9680024823752824,-1.9804681546112688,-5.687355205843777,-3.0599996681592816,-3.670232151449764,5.223890574193967,3.271283887141236,2.3757324133612188,5.312929486108486,-0.6211913162164705,-0.6753140645636578,4.083479866879537,5.289957683584957,-7.009177061986459,3.0691158452568206,-6.888583400961974,21.579993330168893,3.2005584924741775,-5.710170905220551,-8.040647061982975,-5.740793505473555,P004,0
-28.463365578699477,80.18120758340724,-3.0653002340601856,-12.731861474570676,-2.511962762709575,3.8092425840045703,-0.24524723143049543,-3.1539697722936713,-0.5334040270815085,4.742076418786729,2.625349713138102,-0.6436509332759913,0.14190742963833322,2.6264972004588105,0.07400401130400622,8.964035172397375,1.9647062816490397,-15.178519293741344,-5.360078099046308,9.199815417216092,-1.9388081705938194,-1.5071736645641538,-11.931648687385858,-12.236070557094683,0.5268880903213213,-10.002001638268188,6.709748876445824,9.811218962156815,8.088928042709451,7.664414159875589,-0.220554754091195,3.7420007302274008,-3.298599645128746,-1.4503118182230175,-0.7001487053110489,4.5766407442127885,-5.735685080923989,-3.864101113380206,4.8277853483899245,-4.883073351094904,-7.836116692731355,1.1730554228755263,10.303159602218514,9.405615002206877,8.470732680298356,P004,0
-29.5790645454399,80.30814923814054,-3.432819251679674,-10.850323970410262,-3.6291904877568557,1.0544884448245535,-1.5657806256842017,-4.1381973191924,-0.7463650169052248,3.9226192396340003,-0.4614323530506194,-1.51347514637356,-0.006466740214861641,1.2709279901490984,-0.3953510847208669,11.641246230231165,-1.3819634140839707,-17.950669812626153,1.6924703590857995,-11.940360170279185,-10.298943545350143,-17.73390896637478,-0.1939405014389159,-9.403417522404881,14.701594311765753,-8.551713046487093,1.2969588052376055,-1.4596816510078972,-4.815688349730848,9.660995257298618,6.285079031420969,-6.582021260387172,5.5807250786485305,6.430301635442597,13.178931584653975,-4.447372435228258,1.7412795055597774,-13.028921924404443,-21.302506505239982,-35.45205091622649,35.77345962266298,16.70775488476446,2.6615970414556602,12.696991806724421,17.691257850834376,P004,0
35.59362122765276,-30.779389169085928,5.835299043764663,2.643240830891747,12.094361498767073,12.41401186457175,-19.402202374947425,-0.13123086984533572,-0.039340563901486214,-3.54919246774162,1.8357168423910806,12.22582604381724,-0.5372699791940581,5.411295515182326,-6.113619024112533,-249.076051632862,2.0824230822107137,-13.024526869123477,-10.972034466448903,-6.096659239902282,3.26087697375626,-1.5844392988680838,-0.4459033429508573,-1.1067920908052358,-4.555480317716037,-0.9664531674337917,3.1629074631577025,0.8599406704291452,2.0961848161804517,2.6634719275834504,-209.41849274556424,2.015800722107694,1.4247226513329727,-0.5283421013383376,-3.3198665185206373,-3.136500066939783,0.2726518478257101,-1.6405466221796439,-0.12090930567448585,-0.5445148154055596,1.1102820510783076,2.013025359641996,-0.2196227298272782,-0.36773867172292574,0.5777689376842463,P005,0
32.63528025707848,-38.389476572848515,1.033751614432447,4.725319849873865,-3.1084095280581137,-3.5311857090341023,-10.635069488778079,-2.200955626139485,-4.6401231709217265,2.872259207367146,-3.3286288439207397,0.2853348358300507,0.9693828795275921,2.4855420390704284,1.1469806043881343,6.583157904896511,-2.4261608799492524,-12.072179169930614,32.02271825967271,-13.994277665762747,-3.941089352776276,-7.690899553329056,5.363605420503553,-13.38943905029413,1.7783724546159096,0.08518235144989507,10.992214781753711,-4.305439507108492,5.3940486626632635,-7.875959303137436,4.293913284472552,4.071959909838739,2.473724091369794,-4.681576216887579,5.940724742386674,-0.4159053631693827,-2.2824493656478935,-6.609554337702857,9.622345370682211,-9.566985354621954,-3.5252289082755537,-6.729404810607179,16.25633066768896,-3.6742009666949698,7.642446804306117,P005,0
29.922752268436724,-38.17482748484312,0.6766283394731748,5.62794857083483,-2.5455587719387633,-3.65892240985736,-9.568021950356377,2.2227052937753076,-1.8789972364089003,4.656961200248982,-4.534319650574014,1.6612790004828377,0.1280513602218886,2.498712735510424,2.0636475811843633,-0.7880632748717082,-1.2852750441756169,-3.455358524402981,48.25052861803901,-8.272321459109044,-11.600014996965612,-25.794069445820714,6.597433205531233,-3.8403382967883193,-7.827832515324108,8.64636230602857,2.4153334178015844,5.5370014498529105,7.409750396125778,5.783235550745741,-1.1507640327005366,-2.8964820022747775,5.227506551126256,-6.327852566004324,7.940381460289627,-4.020443674439279,-13.202134990638573,-5.692064698820946,-0.19996950888984683,1.7701691179814667,9.492811003380577,7.029083662706674,9.695278827452606,-13.080563631926466,-4.5775916200657205,P005,0
31.114916623173592,-37.345228287166,-2.720321683014993,-17.020089740957854,1.7327190581531822,-6.362785471941148,-6.527549726773583,-3.105588768976473,-5.344860060997549,-2.3779311232640126,-0.5889119772987492,-0.32005254139496186,2.0687773207785627,1.3837159597724882,3.5203542984540577,11.927497308383096,-4.399084106672165,-7.200947801685282,-38.483098423522854,-47.053807053819135,-18.189348175690398,-7.915150127373674,1.9010885010075167,-31.950737434704894,6.026904326823417,-6.554985234381257,-1.755951605996096,-4.6161430137365524,30.177613819698102,20.570643927938846,-2.0561460319103326,-1.0198711982414401,1.4651685345891972,-18.28190989949,-13.572061570822019,21.58851771540992,-0.7907884392677821,20.93153894007659,7.8426666887585075,9.182584640013545,25.3125798824079,-37.59215252054581,17.19511817619648,26.680602405973175,15.931292060719235,P005,1
33.91614774747145,-40.5696367761879,-3.076786065779905,-20.22660396035983,0.7550980107682284,5.699635577546876,-4.781295705863639,-1.163674504433149,-1.4392988955216124,-2.3417573918482106,-3.9360189665480454,-0.14855731853545054,0.6400551109169095,1.4566376794522444,1.2233620140701795,-6.483438043984034,2.2783145115566263,8.733674921846871,11.99105742718605,-1.942806085183508,-8.285046395562361,-23.255114790586944,-26.44546153561836,-4.863723292190456,33.93543626119496,0.44802200056116515,-6.930989197887496,9.371621627627626,8.089545178168727,-20.268100575060277,5.015559003758429,9.007908314798081,-2.841659382330497,4.0451165272703395,-4.818503626136015,3.0350046086102687,-3.831766878133975,-2.991873164293147,-2.2990975177600426,0.5345375965900023,-11.867062992041749,-13.238443920608518,-4.357525081696246,0.25427467705197043,2.4697028645018086,P005,1
28.879824294034428,-38.70420145390952,0.4996048660066715,-17.27175225139611,-0.9512628455095292,8.18967985868045,-3.532157728139665,-3.181467609645612,-0.11051664853209477,-1.5730746366057273,-4.948958633089073,-0.6805785974505877,0.9384868377779007,-0.09550817498311043,1.71978454877469,12.902921418664153,-11.43949053828665,-13.284407159084731,-33.28054575412946,-17.459264055723107,-2.934815234079903,-16.277429303921835,-2.1530900138306435,-9.012769042138524,-20.343183361180436,9.498066871177585,-15.49117864846318,8.096423342507421,-0.8685795796886557,-3.3719051605377333,4.603644838643563,7.2208630706221895,-1.5232956318601243,2.5493931094812727,4.753921233011281,3.523247442877143,3.4535901552847834,4.6661521880819885,-8.910443356104341,-2.978785266462276,-4.24441749017354,-3.00186327310284,8.435945869313304,-11.001243466263654,-11.419104697250065,P005,1
28.8135334217507,-39.868085208798234,-0.7058312400191971,-19.094129993242063,-1.4218925451351685,3.159382610994173,-6.797115609631385,-7.121539289813766,-1.4264154535443367,-2.1299464848241536,-3.422616204795221,0.348621576070315,-1.3477893808771007,-1.9804012198720027,1.4767739837661311,6.666494473212212,-7.968656074826042,-6.604257090439378,-2.207466672727758,-21.49783508674541,3.5687768350450115,-6.911526118663371,-2.0827725655125024,-21.851977516178515,7.182187427571108,4.385654943576665,-12.990346257235483,8.797750082872028,2.8606062644369925,-21.444919943825624,1.4111256934632166,2.0852682836322702,-4.24978088105897,-5.341104559569727,-1.277429772184005,3.402243638641429,-4.500478076782643,2.551008288894815,-0.8517195736675123,-0.7242778897746838,-3.2825377511576748,-8.540191412572868,0.7781306115731851,-4.82350578751848,-2.8315711967902315,P005,1
29.544821429884742,-40.56712806381968,0.6096062378097302,-23.344977005447934,-2.2464144962298285,11.349748184596116,-9.784181427567892,-10.726051237725553,-0.6206597731741189,-3.789791300471067,-5.0858526515366576,-2.4385868419236587,-3.780839660723919,-5.403342351512751,0.12394681516147611,5.274755711567823,-17.544906522154957,-11.300441202392015,-27.366464712308456,-11.528686051559465,-7.539207090686399,-12.651518821289272,-13.437216991593724,-22.877995753820542,-4.872027426386805,12.461262267232243,-6.683958623295102,2.781590470105186,-14.615164206409268,-22.1359185391882,2.3610680818862653,11.155918016205758,-7.942870438091648,-0.4530996167272622,-5.123395953332209,3.4063288459899153,6.699184357341888,12.309658391445062,-0.5318243914030013,3.730122291620586,-7.314774955562307,-2.2816427659336376,11.02191986919944,-5.857400696345753,-16.043918964673015,P005,1
34.634278635913816,-40.81274591162319,-1.2482682438660417,-0.9904407047831677,-7.567883801526129,-7.613022249986472,-8.415453348024997,-3.833177312509717,-6.498973544140408,0.14425632362977162,-5.414308525947675,-2.579091620621639,2.618317152381164,1.8061047786817044,-2.4234250073965846,-1.5300706779445805,-0.21469355326691755,15.031950006670305,24.537036607868902,-8.32301880399937,1.033504473200522,-12.614826731466984,-2.6733525983347035,3.021113399855586,5.669854558637824,-7.939973605184759,8.516448195239859,-4.211628579542594,-9.689547634201908,-14.854568862624346,5.743970698870265,12.076038229522405,0.846507489701475,2.817449124143345,-1.298302217160486,-7.852243601020284,-6.535838859430928,-5.705424757402198,1.4560920346978672,-3.467173064390084,7.031594239202998,-2.7556474460943003,7.987119850548655,-1.107412907609729,6.234543406451395,P005,0
31.08289832390639,-38.972673617625176,-3.311261547605275,4.395317920394669,0.8398493996056033,-22.81059607212685,-12.521554309212396,-1.2676057561577116,-6.325291692316319,2.230528242109905,-1.8152228104974764,1.4419372739310956,-1.2795499027235404,-0.23352816812441754,0.4777430687323345,4.422189363170366,-5.442475238844732,25.203273388438358,6.384497739070589,-12.864648766531634,7.579021470307237,41.486158613351286,2.3111058619105056,-27.032128833330027,-19.114189214662208,-18.14234252519257,-2.541077279607139,5.815607001243505,1.3067312821646777,-4.418997714752139,2.8959026485211434,-3.631752492319532,3.811007032264269,-11.813298102260928,-6.398579122186517,-4.540437222313081,-7.919184018018944,-10.15222855038919,2.8327103447003172,7.933346192741587,3.5015509641372202,0.01517427315946154,-21.59733296761904,-2.074236791614683,-2.274206062484922,P005,0
33.17036609248141,-39.72793580922483,3.2131235180116393,3.1392478997634345,-7.141239816517325,9.24439607027605,-10.908722775595919,-0.5490617730324601,-1.7058644545640895,3.6589089958430874,-3.8230615276185453,0.40562479470082,-0.061017133036117215,1.6214340145928272,1.3797418425387753,1.3244669851234188,-14.0336378012598,-21.123793760627162,23.499634859906102,1.9329728436621534,9.175757904610283,-20.711914476505008,9.644421827574691,-11.710982413067825,2.4484019316701393,6.287172767150606,-8.514061154915844,3.8008718318063703,5.898968458256697,9.074503287493258,1.763317303278879,3.455744158372414,1.9760645634905671,5.0503774390454526,8.006436925615214,10.053188951356391,3.499574413799905,2.9563651132570503,1.7528383877202867,7.901213981835267,6.211359473783034,-2.538469120474033,2.427848647908647,8.557884563241819,4.988057742495018,P005,0
90.16562521609448,38.156477146015845,3.387605536575439,-3.829507449823456,-6.85940447526398,-2.915319875952796,-3.9287787991036427,-5.18904163966187,1.8273943889413438,-6.848316175101292,8.947368466148987,1.7684852328892018,0.6061520226607402,0.4454030284499202,3.4039105737192794,-0.7628491978951908,-23.02402001971367,-4.476087682235706,12.17996775660766,-4.845978318050214,-2.29600711580907,13.14971397609454,-8.437947790761815,1.391594430825714,5.41576909642847,0.9434830879375194,4.154645914647164,-1.2716151940719047,-0.9891622929727939,1.2792096118415255,0.6879127697977577,5.647584486811963,1.67242293695317,6.276150795983572,-9.233331438477533,5.520504572636505,4.867326148283232,2.190759939205008,-0.2663682684987782,1.0167153251138514,1.989239035139861,0.3093251088430322,-4.176289705260058,1.679188235932528,-5.9052543677508496,P008,1
89.64499739575582,38.39996355442767,7.136305074211973,5.399297991915864,-17.100697782502237,4.498797752367585,1.7531357973056432,-4.510438205790337,1.1286052089212466,-3.9488318620685945,0.05830424302578532,-1.9811714101788163,-0.044268985160365266,-0.03506266077980256,-1.2899122194539958,-3.6243965205569837,-12.370130518666683,-21.24893452347712,28.04102099392293,7.125095114926168,1.4360875555641293,-4.0443773265758765,9.275403496444008,-11.231837379136929,-2.08656256850601,-2.4742721269677723,-21.672834540197286,-6.839223719684242,-2.524484298430027,2.412758302374682,3.2108902055875634,3.9392590676142123,4.244843872795353,0.05005515433482368,2.6592327512538234,7.416441758933977,-0.05589404772392818,0.17186077994067733,2.92834395717334,4.232459481582983,2.1381224877209273,1.2266442773970003,-2.819923538969635,2.566296251847885,-4.036336248512912,P008,0
91.09060194063981,40.273911727413754,4.968245132406112,3.7097719632058004,-0.7437158517006843,3.4961348238651695,0.6759221339029879,4.558717242621082,5.445871329767059,-4.394411301720337,-1.5058624775031415,1.275655533715783,-1.9867282821876133,0.4026115563621273,1.4258587395384625,-3.1282090526446953,-20.51267480199413,3.180724325810384,7.948727598731175,0.5695047023109234,1.079703614627515,5.366164940589397,-2.308725021164615,2.999614721849213,4.020008581856096,6.705443423341007,4.806524810680963,-9.012074819979684,-1.057694084361664,0.947859112830629,2.538141699433816,4.808687644745416,2.328995382604577,4.453014435722448,-1.6912814216284078,4.304078208611287,6.363561038317655,3.754623855845917,3.411512650929181,-1.1956329588737222,-0.4819405657512108,1.620269931658165,-4.181299881418056,0.41199096997517104,0.4416213831649283,P008,1
90.092328579847,40.77277844974936,3.543232410773674,6.640342495951071,0.09331633680752391,-4.386688198310778,0.775695817165196,5.266219766710961,4.546969844195724,-4.308425749069694,-2.6119579742326384,1.2540337904450243,-1.8834080895079555,-0.23517423296840462,1.1957650286224069,-0.16325777239350034,-17.03743912463606,8.350814337405819,9.613479445746805,-0.8451202100169685,1.737387092262945,6.755207742031218,4.377496530930025,2.5383348258706433,-4.106262851165531,3.815398443470528,4.913716206702008,-9.20652119947623,-3.3503118066177167,-2.64988129186755,1.439693272060224,1.7456492643425932,4.174958486797414,2.703009755890001,-0.9405819502115336,0.2164765321215373,1.730627258672336,1.871470532077288,5.3050478349145544,2.010870635797933,1.1227460085024061,0.5146468105384406,-3.7267424634754556,-2.3725820475377017,-4.505025639115991,P008,1
90.85918387266862,40.921767088308435,4.012159562168253,6.407077499552657,0.8346251897021599,-2.8318746309141525,-0.5724813666835548,4.6372184156035265,4.53267441334054,-4.954858536348781,-0.9437390130526414,1.3726539439649528,-1.8917976540378842,-0.649524371042379,1.763126803461676,0.38645927990898166,-18.38341691949687,8.168407335277491,9.87733233781561,0.7963252086224012,-2.931860805258477,3.5231915896184822,-1.1118105535267064,1.6907071328675851,0.6614321597494157,6.3736270844696055,6.81059064512059,-7.6864782620125585,-1.8094567876625083,-3.730707316666205,4.2144846674692165,3.1842842806972893,-0.7574442941044616,4.8855907732883495,-5.554646754490868,7.250382815248696,-2.42267693415725,-4.512967577099508,-0.006191790009453859,2.1879532335804264,-1.7237688009456138,0.5924895715910079,-4.735637807074995,-1.5425434769354678,-2.770144494041829,P008,1
90.6026537928533,40.82593610737569,5.9068467984956206,5.286022417255421,-3.0974091934560843,6.312191104734143,0.096869816877686,4.594425133733354,4.98137597689347,-4.104341221915103,-0.9181366321061712,0.7110922122461414,-1.7480833176639048,-0.717218649042134,2.1919716696825797,0.09488982121946525,-14.634373948467731,-3.6165616080958958,10.881500723327282,1.7014796260250604,4.426219691353633,-5.061155465817341,11.423390323235065,0.4440340653631491,-1.3376038914122308,9.499276373802132,-17.35081855990103,-4.942376408063228,-4.571818009851765,-0.031292928180087345,3.536607383987386,4.203779758199402,2.9386673866596342,2.952911571831851,0.9998077464174003,2.4492822360508244,3.338261708509044,1.7095958009813053,1.6978631052813797,3.8236058160830924,0.07704450432412588,2.0155540676269954,3.765688442537874,-2.975727951627547,0.27687786135569364,P008,1
88.22686418087052,42.09240195486268,9.419993288777055,19.112475038453656,-6.628091727846794,-2.300210615126809,-2.125394550611257,-1.352269674476598,-0.34754088842993924,-2.858384322707069,-2.254987330185169,-3.4346034986839578,0.8304502270314198,1.2117089761561124,-0.39036701073300484,-3.625298666861693,-18.918871796804833,-1.6559011708907811,19.457292071112523,4.629354827459452,0.7230356205925683,10.296756329949423,-2.94536458897195,-4.423587404590808,6.23484664568824,7.641678041769083,8.257200383389382,-11.737037476353409,-1.9125689017628538,-1.4044099385492754,1.7224397955710777,7.772363814519998,0.850152267843424,6.1849530060696924,-4.160905488769337,9.892456015099736,5.527057846196335,-1.0339621464411772,3.2089764279955286,4.625855784156203,-1.3265744010806866,11.179813119115408,-3.563892284601071,-2.7187361938911696,10.878438566113951,P008,0
88.89474751268791,39.44805961880496,6.329536767129874,11.914898550833984,-12.984008337654053,-5.782946454258871,3.1612292301311493,-1.4046106803906446,-0.07155350161079307,-3.1878311324479482,-0.2582134566902218,-0.9608073361631189,2.388111660450908,2.251841240536466,-0.607406537261937,1.1373324428703138,-14.290099438156009,-6.2481143209009895,13.101624072926857,-6.7267260661326365,4.9954138378093145,18.056953212962906,2.313049909220233,-0.7522620642950762,0.3523857813875698,1.615412840042885,0.10868188376543418,-5.6150244926826245,0.614919354520803,-1.1001956549222995,3.369740206037192,2.486636828139368,4.538808400288978,4.510616687197484,-4.151248050833296,2.3353116982081876,2.498347530315491,-4.92043437666822,3.2062245419919346,2.504613919528904,0.17910056742236702,-2.6359191325696827,-1.6865115315008166,0.7567074735888653,0.8564774983520328,P008,0
89.49894879171472,37.978506842008116,4.789093127990185,8.275345648980942,-15.938808689493694,-4.419967271249119,0.7988310345477737,-3.3036033217854253,0.42777417289948094,-4.202228081215857,-1.0918902876494208,-1.1119752207583358,0.20140237042072898,-1.3491017991000267,-1.371438847501924,-3.26899865464543,-9.847996688141887,0.7554358156868383,16.87187766265071,-6.4923830726904175,-2.6628917647484203,6.9456310920378765,-1.3251381166970757,-0.1915669467481848,0.2732652895774433,0.5596958941332336,-4.259565155353001,-2.472277729913478,-6.991077079039695,-3.48316581144117,3.475104925881134,4.818366290988201,4.55839877647274,-1.3674758082406246,-2.9420811524788943,2.435771462714026,2.752782652012953,-2.3820068576693054,5.726771792631679,-0.29117367535587,-1.3513316300640694,-2.159437058561965,-1.365396048692757,-0.09780915107342752,-3.791972891366329,P008,0
89.34619303311676,38.23520150325777,5.178622184896335,8.97151577865569,-15.626883461767587,-3.508511001934949,2.465510888508572,-2.283125490350209,0.7685833735245258,-3.189870119302869,-2.23470063171466,-0.7972037138707534,0.28166169566460453,0.12921048410633684,-2.2387997188258026,0.6960586050028451,-15.012482310913818,-4.248837431327816,15.012843316105592,-7.862227514222762,-3.482682359695384,9.486716085222577,-0.00457398616739436,-5.003330808254949,-1.6563221971451865,-0.940126837840848,1.111056716108379,-7.524314684158699,-2.981813441661321,-4.512207934244644,2.2889113931493834,5.174435180180104,1.4955085820572882,0.49027739000261783,-1.3964858654887784,4.997614943448981,2.073097167250288,-3.164871710398035,0.32195716953624354,-3.3373765906547477,3.3092469151398456,-1.195718840251147,0.5412583788490296,-3.607943087969228,0.32764185272339813,P008,0
4.403871940004914,-22.23769549126127,38.71899873632748,-17.43502835141174,-1.136498108833443,-5.732796402329034,8.569014560243417,-5.390324764396058,-1.6667972934412603,-1.7141629138509114,4.564876876866001,3.2229531995107155,1.0896277155529728,-2.0056882054599496,-2.5209088404820825,-4.8118917299845405,-18.248032228227746,0.42628227323736273,5.063730020541911,8.197118247004399,2.1622976243156207,16.374983172134737,-2.310762340044148,3.7162563954794603,-5.277998915412779,0.006671962261007083,-7.191195518497991,4.962912674816402,-2.482537365058073,-16.88387547553266,3.8140992077846216,8.744433679538533,5.999511917816624,2.480358897095757,-2.069586002817571,5.997188767615438,2.0538822492552495,0.5434577669876569,1.5380015126754647,-0.3710091223416351,-0.6027216255690385,3.455776940211995,-3.695473824182555,0.008799662155644726,-4.820683402672407,P009,1
1.0231537183142927,-18.507510423916823,52.06778028766676,9.375716170897404,13.646803034379934,0.7500319735064822,-4.89687126049611,-6.458377967492753,1.1004190314959243,1.308988922279626,4.4366792278677885,-1.3181263088277573,-3.7865400351987475,-2.8913106607783132,-0.5139329625243895,12.163100359320012,-10.045032156926913,-32.05689529405702,-22.845194517821962,-16.766101058855668,13.599320980917314,30.42943684499278,-16.630958561190237,1.987991134421946,23.146523868367915,1.7985006847732505,-21.95844422424936,-27.87076847156651,-10.294465188997554,10.172828659996737,0.17025671601919923,7.139435117262066,3.3605117415016688,5.539918579443043,-0.8164615401343972,12.58542052244417,28.21714635085904,-6.19500438692602,-14.889726463407927,-15.136190340857626,9.773903493178583,-4.00849699870765,-1.773438274547722,0.22461271019984158,-15.123669158452708,P009,0
2.2673457453139503,-19.951918079662907,48.74605455260849,9.984781304935746,13.336354421109105,-1.7220115527105797,-4.137958722982436,0.9987792293000911,1.1808291482294244,4.675757653811562,3.028523042052902,-1.7889349578705795,-3.7651826513339945,0.21969905416494168,1.26278979965227,3.3724184751669584,20.51854097534997,-11.404505548040655,-3.250965870935759,28.138824178700663,-0.6745568770193419,23.256578317680656,-38.31077279143104,-4.3900044317162905,17.866821498018048,-15.678085220304142,1.633990398997899,23.418953744547377,11.833785259056297,8.617883762783055,0.43257712050267766,8.114795014256387,3.5177763132935214,9.126372504826392,-1.0335563549741822,8.267429207753073,13.36011199048496,-1.6415247493333107,-2.2047181665886435,10.452578387294082,-22.20067528861514,-13.83917419260513,-6.062993317371639,1.906736216203022,-0.9508562217941354,P009,0
4.941018530498424,-21.536338902748067,40.32076466508371,-10.840542609541492,1.183945790311299,-2.956422378490837,10.772361460291693,-0.17434350518312464,0.9259975008022955,-0.7319963408654195,-0.8545746546514892,0.49944927914173287,3.063410976259921,0.9770299777410724,-0.8955140950303538,1.9751671808484363,-18.270907549724505,-9.164160160443755,-4.715158576331299,5.593488879949954,-5.023990485338224,1.2299792483711471,1.2547734941661421,-3.2597283884035577,-5.793502354482112,4.349923151018367,-2.331722395272299,3.788699689763604,2.860172890458761,-0.07792613219170348,0.5404116649213981,3.415233223651442,-0.7832404983681286,2.2222112262901192,0.24706314594724785,4.685921681461052,3.1644508625353653,0.3736547507020806,0.7044944363544299,4.04670739724298,-1.1979113335504228,-1.2561996934880597,-4.147815688884944,2.5381270101596045,-2.01127727482101,P009,1
3.4082448575076847,-21.915970709507967,40.32360074708635,-9.396360850431439,0.26323422959868886,-1.4659492014563495,12.110513996200005,3.7912576598703276,3.046590896585873,1.2503256135519873,-2.2748952178237927,1.0664043483390664,3.5389719649668927,2.5858946943236476,-0.6997042905832596,3.160706163168549,-14.736383775258908,-13.17273549164844,-4.831656136470916,9.08440152536557,-2.0766925613345495,-1.8887054305580182,0.9947473359885144,4.515521735053803,0.9047048113506666,3.57857740495379,-5.914983207829633,3.1376288903552414,2.9798912145624286,-9.325203244012826,2.076776316435118,1.3806253667316917,2.2257955052314573,9.216233526011333,0.5076346566102197,2.633189195151505,4.9240358949779255,-2.143867010038033,-4.372181099283822,4.129148676818239,-3.124472257102294,6.629666381342676,-3.3649701159625143,0.4656766110644126,-0.13344083038973914,P009,1
3.3763754514672546,-24.1231863458143,37.55141252285805,-16.033898258779356,-1.948112886611191,-3.4613759478174653,11.631582950835536,1.7251811956967396,3.646409555753683,0.6994315990071812,-0.9662019559975107,2.1275739143257466,2.061632890182816,1.1028295522428602,0.028129816369369485,3.4956822904544786,-7.845116611302838,-7.507611147141634,-11.00921807899333,-2.2441387802661645,9.931312478025731,2.2710907329811616,0.03164560422380416,-4.918174320930384,-4.8926816768623596,-5.333628440675215,-10.459896546263712,9.656765307184207,-3.882647524716918,-9.358253233211805,1.7306346718704702,0.6864864982151965,2.4654822983715925,0.2642065304021779,0.17166919985430426,2.3174796446211787,2.0126666420444996,-0.6119162828876397,-10.010629661222335,1.1345092879078271,1.0255628847902991,0.1931259200076196,-0.09803374416845209,-2.31511231144093,-1.504386578594024,P009,1
3.3030072417688743,-21.548480292493544,39.45469608318336,-6.984789046511717,3.131639965586057,-3.3631452626505833,10.069296851865403,6.304383911091236,4.327955039518731,1.9648355319308939,-3.617821043575054,1.8269216752464177,1.6896272314994154,1.5683915733976954,1.4382636105735473,4.873269315960827,-9.45974323510076,-9.747393886308753,-2.720943238380845,4.086583026863613,13.26250831391801,-8.907611060718896,7.4344742140930755,-3.0890616573133194,-4.932992402278786,8.017405092023086,-2.4473655625610435,8.055004554218591,13.313626819251354,-1.6206497145160756,0.6078279346902087,-2.075998819939295,-1.2602365129129725,6.607728231956263,5.099272936793359,3.6578735409090695,0.18806964761712172,-2.379230056902106,-3.148122514217904,2.0871917141658325,-2.662238768428305,3.6795687661499596,-0.799885563184406,-3.2624335200553607,4.879588079264762,P009,1
-1.057598264669814,-20.351144757323983,45.7157548437678,7.697386372064664,-2.2655330449241142,-5.259069275305965,-1.121826991726716,-4.6035956487868654,-0.5448269778890277,3.1602020627024197,-0.6921381463504622,0.5042806560374667,1.2369628223128664,-2.4814098898657493,0.7410743174549602,6.291063191109454,-20.161632967605048,-19.085360181006138,14.847249243082151,-4.467136703886959,-1.1317054964377102,6.4176335611817406,1.5006539307404096,-4.468131978797208,-1.2816626211693962,0.3869805271164505,11.906945850426053,-11.679057710487037,-0.7860965514357744,-9.859219634616892,2.1010486671040534,5.750675139595895,2.366435954667198,3.6525216947314103,3.9239047843982564,8.208759423102071,4.498591838583022,-0.7544871781822626,5.065636673276121,2.954912694080956,-4.815846501743442,0.06596046170741983,-2.5331381774889334,3.0932997815254706,-0.5473620795475558,P009,1
2.7737232598670256,-18.526959770918342,49.28443086159697,8.905769079046324,6.36106929262319,0.993225408765129,-1.2345584406979533,-2.8076693132909565,-0.04523993582032215,1.3493755577999202,0.566621410365038,-2.691491964144125,0.6106893529331345,-1.3954613647781444,-1.9871394769942332,-2.1131303140957147,-15.466601591471598,-10.983876021353565,-2.5535321824986856,5.414854441879645,1.2700123877614262,7.628554765652183,-13.869521836962377,3.09164095334891,13.648913265892801,15.507741564309,6.178710059763533,-3.0422322757193774,2.721678202601083,-10.71719541685153,1.7583735339705187,8.537071798891159,-1.8626959078710639,10.289644242620321,0.7868934676169421,9.159033898789279,5.464005559225046,-1.015053628716846,6.356662470694841,1.8640356994133822,-1.8593052616966588,0.42990048962611604,-4.383498016748098,-4.855200190431225,3.7554951250689723,P009,0
1.784574021950571,-20.17020166754087,44.97382957651369,8.326963006648413,7.007638301574604,-7.7320113941429565,-0.5046103786946857,3.255735677620816,1.1316798675455382,5.366317212852065,1.029793541456649,0.1385948765253554,-1.0402385559124323,0.7033564730237102,3.167036172557785,2.612599809377817,-8.598476693084397,-8.148678283465868,12.339709045660397,13.131269270912046,-19.902512070264045,4.204236465005948,-24.676279014660718,6.489705847256968,2.0230454756812124,-0.821652149774019,0.2036058155030399,6.999013377789164,7.249314990268678,11.558482842022404,2.4514311638178143,7.657003910347938,4.1174541479410625,3.072173935292019,-1.2258741112266087,-0.076919130397526,6.722225038661755,3.2543718381479394,1.1119728769483577,-2.2424301318349773,-7.83223983043884,-7.602260787600797,-7.670357838789717,1.3685630058601996,5.292093319132558,P009,0
0.17398771715838404,-22.179024377486673,49.593138750439856,-1.4253421405231916,2.4256236516361893,5.673628526941404,2.092472501066014,-6.056253829759421,2.853582896585515,3.610692137523636,2.5202718727982525,-3.180105731048685,-0.8358876610613624,-1.2621406931182204,-2.241746262973872,7.150239210865886,-10.631885214977414,-7.038284202031839,-12.008932258205427,5.926197356266099,3.105130690760224,15.272339134163044,-12.391883458474728,2.824531493872401,7.714936685027957,9.521100160231132,-18.956038936006543,-7.460190769368382,-8.034173198489146,-3.9408420100167363,0.92430764848532,9.51070049810822,2.6099725393863884,-0.12776019940847214,1.3583127473064969,9.566061688031079,8.400568804500494,7.507357989682979,10.543718923305402,3.195141310100275,10.070595916572003,-2.8934351504928237,2.901699966060485,-5.473981615841017,-11.789722279929842,P009,0
84.58912188337564,-19.5862577676246,-25.860527750629096,-6.74543650151462,9.410670731806118,-2.1003717635739148,5.917327993247116,7.445157137958427,-1.2521975388808961,2.602498173449689,0.7465775650904638,0.03579782922924692,-0.3888201215731607,0.26899596829064415,-0.33915940217252016,-5.736042440141542,5.208136504028417,18.172932199895094,6.59454937799758,22.92167666363388,3.251164651308859,-11.457877134567676,11.720018281069784,-11.568986348102898,3.8761814840552553,-0.5294419193011141,3.098618002254518,-10.676343383347978,7.39685604194951,3.3914485289027834,0.8556299700270028,-1.8489515592840715,0.15156651692428502,6.963349492833288,-7.641705451776612,0.4809833799673041,-10.062593080464469,8.847451287629601,-6.06485408741022,5.510254314438334,-7.246199673547299,12.374866469031124,-1.1050989771826052,2.3858595589863154,13.189050184190739,P007,1
81.43390044967187,-23.741341222987987,-19.429893001207386,4.805420256522799,-3.6402748852331164,11.555872668693205,2.308551070061561,4.777939754226713,1.5441449976936303,5.544132712674171,2.3335613198748373,0.24189384780098822,2.1614288096543874,-0.9008382201089343,-0.025647886080142686,4.488195318674216,0.609777716553555,-10.814970445820613,12.871888012159008,0.7129975474123251,22.332922315562243,-10.929278885627527,14.314256297165636,9.190832888900596,-2.7177769365200173,-0.06541095791325488,1.2313165914788728,6.208322320501681,8.449246724639597,-6.812072595981518,2.372986856180495,0.9619725654206444,3.1494290329276935,4.453045893911618,9.657081937257717,3.880829854170798,2.3868778242459,-3.5571671127146804,1.1929170731485805,5.283320975720023,-6.240189588418515,-1.7675991342041038,3.3755947533735555,-1.6279499786646654,5.28569870741332,P007,0
82.38756777797057,-19.038872463853636,-23.506340856719543,-6.3493006715457945,9.5999901025611,1.3723552272760833,5.448591456533783,6.309440164700666,-0.8517674766004824,2.6413510151385164,0.4977256904191705,-1.700711782468232,0.10892031145641633,0.006557475081437406,-0.08917606938828292,0.6858608208957113,-4.4596106154555395,14.920615557663085,-6.614310280368825,28.49698362399193,-23.403933993834414,-20.20042249008172,-10.709009308127715,-3.079457096818506,-12.56009106656406,-5.084613219633523,4.411453186846854,-6.594135280297347,-3.3192001092979417,-1.160933769135597,4.2376669557592015,-2.1273248905572397,-5.4925848630869725,3.8090494873510137,-14.280114073096582,-2.7977615430578022,-0.729768928040238,6.179970424060061,-2.1902444622997033,3.4069591577009017,-8.640082860625785,10.29722732377841,-3.1880163555622816,2.4579338264783432,13.356726186688581,P007,1
84.51999511282077,-21.27821098902622,-24.659868453846016,-8.616644403586179,8.868730438876279,1.074407334962468,7.025726219628097,7.403748416958004,-1.3325435648791641,2.925644911301142,1.6201108312971864,-2.1452641484328714,0.6573762697205005,1.9610758126886119,-0.7607365939230702,-3.53503051631428,12.617842477446311,23.696082091136187,-4.845885947310576,32.36287161071328,5.483155579032309,-9.005842461614602,0.1518756230767259,-15.24598436698757,1.5738142257520336,-11.988219041415213,-11.348163279414608,3.8278143661507955,1.5099132037742244,-6.531970132702559,2.4015531959964527,-2.071616054055671,-6.943526851525034,5.201907585883812,-9.704740634273506,-7.31099940024752,-3.0433106763688103,1.3563745260639584,-12.151244432759885,-6.179643266991324,-10.507142911239589,2.101866185501827,-8.616238829211985,8.900156037827593,17.414449908751195,P007,1
84.21016098204741,-21.41669273042504,-26.16441259435846,-7.6135372096397305,10.200701295864922,-5.454221246103664,5.8468521954183235,7.025698618144061,-2.3528171677893344,2.180251235365672,1.47683485272366,-2.287103426111357,0.32400595901696605,0.8652553267990656,-0.566239483901054,3.4141063713519744,16.082292208289047,24.004660286963812,-21.557208628216976,29.76086393766575,1.6757768287509889,-2.4996547218549354,2.2613744908541142,-17.07804266164781,-11.524336721299923,-9.989489028627798,-5.791274622566668,-9.702129747440399,8.096809883572709,-1.3700727344853634,1.0224525865321323,-9.843656453651416,-7.916441631692501,5.474739219094698,-19.400753722543712,-0.8941385657276961,-7.610535349248531,1.9086275603091656,-6.766634711078262,-1.7321868678130552,-21.596931854393613,10.527804129332559,-2.459081494417832,5.026983483268003,17.8630408016886,P007,1
83.83160357914564,-20.84770920448715,-25.693772765478634,-5.884237537565543,13.988159054718432,-7.048302290451621,3.9128750233086653,6.950216896172855,-2.2219392415666173,1.3620268231666177,-0.2870145337901224,-2.3675458447442543,-1.8571888495712228,-2.134354507890251,-1.57843760907615,2.2369965338898408,7.176169242757046,34.711331072795666,-20.171760991375766,33.23308431308136,-3.153861986655355,-3.49413448053923,14.866317373640067,-16.38113511344118,-22.155076618947533,-13.495829455538425,-10.371703593427014,-17.37103519158644,-3.800795084221635,2.0597344287313786,3.7282465729252405,-10.13116583952222,-9.409530861065086,-1.6977117731264166,-26.71233926696414,-11.34679772110919,-5.697128937037197,0.9796713841493637,-19.56011980931109,0.03623423705860156,-23.052195317020626,27.356801059848976,12.811876276340358,12.862340369029303,-1.4308075976877648,P007,1
82.16702328067863,-20.615676193228083,-19.8297545432208,-0.5796936640922751,9.276577936062091,1.8335701624534677,-1.4997767655504213,0.015924527850004744,-1.687175034565363,0.5162580864295347,5.974866531921494,-0.8862356737614441,0.06169330449022573,-2.804852079600887,-0.691371852384984,0.8883521422942898,6.3763474759352095,7.769322779423841,1.62184883149571,8.703514991500754,3.0731661231905165,11.239778971724755,7.005450755258934,-7.651374685905863,-0.12390080651534076,-6.060806098275346,-7.182499204817146,7.617384094254605,3.8608508686147807,-10.511818780726815,4.715442623037173,-0.8042786776224478,2.540104874213454,1.1821778029525782,-3.5402944052058114,3.60592750058673,-4.036646990349018,-0.6197457879857501,1.8837589490546558,1.5452325032719536,-0.47822506678119747,4.095376398882067,-3.7180481582557556,3.869273991281399,-3.466748514763761,P007,0
81.2698033813905,-22.112792197698862,-19.481932503589864,1.142410802427461,0.5405254660510871,8.316186031024273,0.41768836009610566,1.2088474959295352,0.02632033040194826,3.3284016371033736,4.03926815855494,-0.7157466622648162,1.4819728509910821,-2.1211077153252442,-0.9704161603157819,2.8144451457825554,-1.9927710929884304,-5.441047451282027,-1.7093241694389605,12.23434963844794,-3.4000892171079515,4.439547537808427,0.8783926138958288,-0.28775820929078805,-13.531863963738529,1.982191471885609,-5.877013020278594,5.631275723199129,0.5417330199985028,-0.22627238568004823,2.2737103289941465,1.6241087371066076,-0.24473562447457695,3.3611343085188854,2.1862538545200065,2.107787610975173,1.3152304672218662,-2.184841154252877,3.1502771483857166,-0.8216377538336331,-2.670807781256787,-0.01387091323269254,-3.2285944136053364,5.886068171010644,0.31414129494717435,P007,0
81.17301500315536,-22.70271870315554,-19.939439086871737,6.522113305769231,-5.438008746921226,5.949464074649795,1.0119778573382963,2.4533690050804817,-0.9474229838342488,5.291328306975462,2.987886624555832,0.7075268567357096,0.7636179157006096,-2.6075319295347263,-1.4947630666338179,1.6626536388722681,3.7223789859698524,-1.803326537722324,17.483640845139274,-3.0858178071768867,13.870492165481574,-6.699133569565447,8.928876145396343,6.542670923206511,-3.490228713270662,-12.383794074618265,-5.948286697128092,3.540282827189204,2.937634040469213,-0.8296623010791413,3.7111970106274854,4.50146130740443,6.85100875267742,-3.633705875839733,8.14538851773502,-1.898530865939987,-1.0548933162724392,1.6109310935360008,-1.5881042017323381,-6.1394156130762,3.2912682799397435,6.036919152740802,4.290479056085633,8.441165918733988,7.2683258068849055,P007,0
80.74637855061297,-23.47696356948027,-20.684562083336672,5.0478120752216915,-5.3259554258253194,2.6621120603026056,1.2570650180948433,0.6146295034336717,-0.8449622689238145,4.942960847305196,5.382617045310736,2.4521948641116724,1.1513934971564446,-2.1433237304892825,-0.12071303701222728,3.00660240995688,5.360844556275302,-5.461510431437894,18.217215825675872,-12.506158069055452,15.269677816763188,1.3258797581575579,8.282889240269311,-0.7976856424159424,-11.316071271847775,-10.352337796598645,-6.944913859400599,8.97700845047384,11.21510062298715,-7.448247559515851,0.7733871573093684,6.078954542731267,9.49892546558681,-8.798908308286945,8.617280073945098,-2.3556439899539274,-2.6342865537456133,0.11363281362122926,1.2365191034603504,1.1532043698758923,-4.077914601522735,-3.7895089025228472,-2.1468383404774722,3.692929888860827,4.967254128575933,P007,0
