phase1_pc1,phase1_pc2,phase1_pc3,phase1_pc4,phase1_pc5,phase1_pc6,phase1_pc7,phase1_pc8,phase2_pc1,phase2_pc2,phase2_pc3,phase2_pc4,phase2_pc5,phase2_pc6,phase2_pc7,phase2_pc8,phase3_pc1,phase3_pc2,phase3_pc3,phase3_pc4,phase3_pc5,phase3_pc6,phase3_pc7,phase3_pc8,subject,correct
-39.4882865264216,-11.507169577099825,-6.760290280493688,-11.421751069274976,-4.9115269625385345,-5.872295338715621,0.12823293211184608,0.9233227414412073,-37.44624887569313,-9.31664546344928,-2.416152194737021,-0.13513895512556318,-3.8514735340563875,-4.500033943300733,-4.3900430923290825,0.8483786769574385,-38.35770559291525,-8.140986359806805,-2.2369095647003503,0.5856795404381452,-2.1978858678247626,-6.511681008148698,-0.9976676501772326,1.9097591608128333,P001,1
-38.22679232565253,-9.718905094113913,-4.520116608906104,-3.238340921988159,-2.0375108544871208,-0.2924669564855759,9.545102364541222,2.7267440430944516,-37.57337711034616,-12.41583748139909,-7.8541744249257865,-9.539515906650223,-4.992843807255383,-0.3821284370929269,-5.011772137374823,0.8000311293588543,-38.75093678556601,-9.05902650837174,-3.0518106808399317,-0.7229448153466831,-2.4040169231151265,-7.428816596295311,-2.8103028730949027,3.018925893823098,P001,1
-38.79949337143334,-9.972450966901823,-3.3412461472943216,0.18421834492305997,-4.6419537549692995,-2.994207523562656,8.119906949633659,2.6194834179232895,-37.79482645344502,-12.388009533782283,-6.1148154335527165,-8.11440387472142,-6.325190441960749,-4.0249118022284,-0.4822398467766193,-0.7418401957718148,-38.90276475886433,-9.430805048937966,-2.5404998406748946,-0.5931046485985484,-2.0309472093296965,-6.304287655918325,-3.5580001870587203,3.022656064808458,P001,1
-40.8249082988399,-13.079360028911585,-9.273384971824322,-15.480127080073817,-4.291596141694249,-3.998419578068855,2.6927660717482973,1.1856197151867702,-38.63005992755576,-12.637555073533193,-6.895303803617175,-9.107160378979668,-4.443001725946938,-0.8817658117134992,-4.225792339117804,0.7207598027495457,-38.726067349003706,-8.96468078777738,-2.9371038056006817,1.3819070020782307,-0.7194671393503808,-6.686016746230227,-1.3433749380602662,1.9376819605075288,P001,1
-39.416457585819444,-11.057589978089121,-4.663669412384518,-3.868540019596465,-2.2744110036195972,-2.5357125161878544,7.033646958473236,2.491053103274248,-39.49220020024326,-13.322104017557704,-6.838357586371623,-11.076296205921873,-5.194175867437777,-2.7163071539474166,-0.8717254423477993,-1.6240689603879224,-40.65849614014805,-10.824411257167005,0.3637750029996208,-9.685694819818318,-4.003871931790109,-3.551060427147546,-4.1146989345901215,3.969602270295228,P001,1
-39.27448464320353,4.228241581256483,-2.5083919669322805,-9.359057779730856,-3.2728767143573454,1.5794204945605355,4.200876479288565,-5.4268314476297075,-36.767369642847704,4.976703415357427,-0.5373733912006835,-3.136564462663443,-4.070813537759131,-0.7407565011650715,-2.5610516460377415,6.6546792558896675,-37.932970804801464,6.00936220339585,0.8811609697254719,3.040566173384567,-2.8371028446041544,-3.5478816448582218,-2.487946463897087,-5.296293586048881,P001,1
-38.86917813835987,-8.956997326109306,2.9969434592185915,8.203819997957206,-1.3381646336298156,-7.031780278549401,1.0095804297183757,1.6672597546749068,-38.67664918584809,-8.897004825135191,3.0705278255768724,4.03975623659897,0.9900562978287395,-3.7898555477861433,0.46466754047486974,0.340882035484531,-40.95673850882288,-9.403799992071399,-1.6918776711215315,2.3737400413675345,0.7691351145916181,-5.879085958416412,0.45455857797341315,0.7054971537171403,P001,0
-38.23354827084674,7.09546321557005,7.74853237525665,10.85901934833721,-3.0127392427199107,-4.091756845632081,-0.5672945078572947,-4.960519218685347,-37.93033084505453,5.967807746001477,5.275639652515783,1.8283490690049178,-4.496218736122916,-4.272175475844573,6.88424643948663,3.724039886594551,-38.86208753787761,4.451138540486813,2.9999376521662717,-2.463760561849557,-4.66057158488687,-0.8742840615955962,-5.080988201922065,-3.2445102246117217,P001,1
-39.32351871300697,6.768590997325827,6.482549394673545,8.31066519151775,-3.8441937248427926,-1.933579302074913,1.4541350067860168,-4.308445223985526,-39.229898804691345,5.4281149069379815,3.3633072287893304,0.2825325637381627,-4.59488987854075,-2.246188380975391,2.8460360731022774,4.618398094698914,-38.88572781461207,6.260044713037138,1.1388410391038388,4.531115524692445,-2.5712702695265928,-3.1271068830539335,-2.589236839809417,-4.576774635064393,P001,1
-39.35331860794398,6.59846212363257,5.099846220643789,6.022441734843167,-3.702251504503012,-0.5832537711211724,3.3919697699648506,-4.42670354557267,-38.64302868448741,5.241916771495848,2.105187684169807,-1.241126013053156,-4.235424185291306,-1.6553668011798783,1.2859639208234321,4.939334358749159,-39.21875433446188,6.236887550882455,1.388090936210484,4.316625063662495,-2.247772070929846,-2.950341074438344,-3.0287118856335487,-4.146076158455766,P001,1
-38.80553163036938,7.104541686706871,6.589734405211578,8.820200262073133,-3.0539107189030408,-2.46183597944417,1.7143716348041298,-4.436420177433958,-37.95711150309381,5.289331609782402,2.6248012915085326,-1.3167125190464002,-4.200897204275717,-4.516583947695147,4.466573980560803,3.4262236396446903,-38.57057291955519,4.218026140033911,3.233358527289742,-5.184572394992196,-4.420589736573082,-1.001834667870573,-5.246766572171299,-3.182928695975598,P001,1
-38.900076627156615,-10.158519339619502,1.3315789309339412,2.0719430994407895,-1.498251031366226,-6.451325635064234,-1.8798268668664826,0.7551050815987589,-38.58610078110949,-9.965317702269907,2.528296288704806,2.592678156251292,-1.3183214977818072,-1.878815502027422,1.1940237520311727,0.8968525522302342,-39.495645197071646,-10.130813816288196,-1.8858465516567575,0.851881514889936,-0.09355002859823187,-6.143747989470403,-1.0581161346326657,1.2127957432268353,P001,0
-38.89763052953397,-10.215501346107608,1.1446493471796164,5.10486905341867,-0.9089503474745338,-7.836825060168232,1.4854210743460114,1.3027219763857203,-38.63165477004169,-9.584906568517582,2.7064344163154073,2.6981513832140736,-0.7671573204316064,-5.679742557662061,2.0211468571394144,-0.7255860744910255,-40.507577921853326,-10.248675633001897,-1.5972965746061605,-0.028130229476419567,-0.8088663656988404,-6.274923737578483,-1.0799333797402806,1.2455767773870832,P001,0
-39.16128778268786,-10.430694280119083,0.4399676817863716,1.3797189945334727,-0.9241701856913539,-7.430100079624942,-1.5381423189102785,0.6981494081218855,-37.416012070882566,-8.627083805603244,2.712690547593911,3.5151409953416657,2.4935302669078627,-7.34967610578399,0.3889244550390586,0.08562775500192303,-39.09887913544409,-9.708661866719275,-2.3405454759228883,2.34631281217835,1.1033520629862292,-6.630000585744687,0.2697763127426602,0.2593930668680343,P001,0
-38.71698452519397,-10.545886695182196,-0.007289973255409888,1.554531352419035,-1.3966878703266274,-6.262400067370196,0.22005539445378475,0.8319513433315375,-37.318216574211434,-9.344838395833516,1.7808121074595697,3.770374359616039,0.797844311187783,-4.537287873284152,-1.5839794264395082,1.133828406798228,-39.505416543696015,-9.551591026433679,-2.560627996887584,2.9678329137485715,0.569664530960913,-6.988462879810494,0.9064031840532006,0.3211161262898333,P001,0
-20.964050992654528,-4.126530319585982,-9.735422882753724,6.417171086665494,4.377983121981956,3.547590829496511,-3.836401550673433,3.299206762827345,-20.75327613504454,-2.7108207246882943,-8.552905098173019,6.62164343682213,10.116293615421036,4.4106307236354505,0.28577203720442,-0.5563716182676582,-22.15517581204101,-2.7657084379988626,-12.722501291232323,5.967431199294397,2.3744805076094764,4.745179617207804,4.894432805425986,1.609319864766645,P002,1
-25.000120759398573,-9.41573423296608,-12.186272990763591,1.3019434628269646,-6.6847733929945,0.7434950990305924,-1.1280573165740766,3.271105298781523,-26.05517555741383,-8.918007079954227,-10.142141945285955,10.216729750402031,-6.207420294921335,-1.1846643934735417,-1.5883150513137625,-4.508351768053104,-22.902029834151307,-7.122159686301128,-9.88872802461558,-0.8931854183180175,-5.043380913968647,3.641287858744176,1.0312152461671853,3.012953741526299,P002,0
-22.764075249174695,-5.81846022722188,-13.39962803451527,-3.0502062931464304,3.817070426983244,4.422978283987977,-6.547980475885115,2.774354315967566,-21.739722042106433,-1.8356739721226938,-7.3604235634769575,10.0565279534508,11.546753153284454,5.269412547462578,-2.737984417895434,0.2603673961425048,-23.72610185666863,-2.623655957023562,-12.806530969497294,7.4734687402613496,2.6088728894148834,4.1754039562004195,6.13813486625768,1.572781004332049,P002,1
-22.770143717728384,-5.006308479303119,-10.55046240658192,4.579311991178291,4.026370616661046,4.584653954431516,-3.202466691805679,3.7123517442250336,-21.790398812129183,-3.174456022294611,-8.468126076441292,6.680297668789774,11.121027451177415,5.1178062368340385,-1.150658700459887,-0.7630264299709505,-23.431098269111754,-3.3547905033815493,-12.479529608954941,5.8222953904954995,2.139577344807688,4.641837164837325,4.7652162941050555,1.9882127545116017,P002,1
-23.673691128977413,-5.546912844767019,-11.338918354342173,1.1589769865238098,3.866455825788288,5.31796456970074,-4.660660784502046,3.4393567949225243,-22.235757792953937,-3.958427595937833,-8.951013266972511,3.771073002975988,9.569754246400558,5.39323890262053,1.1198838368875736,-1.6132369448778001,-23.91283444862856,-3.7089392061016313,-11.629092545971654,3.8709083820518053,2.080138878911806,5.853683641982661,4.7149204223773316,2.2501498334337082,P002,1
-24.00689907327377,-5.211496429250613,-10.679888425110265,2.171430331609877,3.6291023402027127,5.309190469749889,-4.743921367478504,3.5282779696208837,-23.22415041185867,-4.91500558593862,-9.887278961720062,1.8041361940902416,7.980298776285473,5.404319420236773,1.7101623645926103,-2.3695386627681483,-24.168606859691167,-4.332824626169537,-10.692319381822513,3.2140387023986507,1.4120289644524833,7.130721002946344,2.638927042294193,3.7994089201671937,P002,1
-20.562736044927792,-8.057537233947924,-10.18826236179338,6.117196343634265,0.885785208594581,1.8884513081500927,0.7265335684641486,5.002322387379519,-22.974772761668774,-12.807955936154567,-14.90922524887646,1.6002372796163828,-0.36403242493267374,0.6139679640250368,-2.5933581863712525,-5.302874498479921,-21.95205789929241,-10.581432809177722,-11.442366951561574,-7.39431449937018,-0.2434169920427422,1.696426250183109,2.155182184373468,4.0278602497842995,P002,0
-24.271162724113452,-12.843281129390618,-18.66252305216613,-10.893759336772451,-3.7610266800317467,1.4966390502207534,-3.3875771302717066,3.4128522982573473,-23.59658536487276,-11.49612466421085,-13.670595254494938,4.102063397808517,-2.242666049334447,1.6229090183938517,-3.885919542197076,-4.412777148703762,-22.846903903752775,-9.08085670981157,-12.71409772460057,-1.1874287846349845,-1.3307844939157827,-0.3679480612985553,3.2343527415261213,3.720859824013738,P002,0
-23.05279189586152,-8.250289219969865,-8.817376006713197,10.365415659163654,-2.5551863453150125,-1.6003549822755507,-1.2438357220787197,4.602191065166012,-26.273612213276945,-9.558579887102994,-12.368094901722879,5.422219209374394,-4.989289430342934,1.8161556136064954,-1.3386612057826746,-5.9233891522234545,-25.395753635670705,-7.821824159038884,-11.447248886007921,-0.7474828062020813,-3.8862355662383354,0.3634656198103359,2.4067433395920146,4.21063307710599,P002,0
-26.45039624741451,-10.131963203416795,-15.715375895433612,-4.824527460300907,-6.362096418352781,5.029839675209652,2.540559020204076,4.4560266488740155,-25.80952949776781,-8.919857634096775,-12.904858827654182,9.48132400045874,-4.687668517998966,1.5109922346441607,-7.451838117790711,-3.4240185479442418,-23.59863305297345,-7.273851796760896,-13.177145942628945,3.063223176976816,-0.7802426153100435,-1.438192013650853,3.9443521677093454,2.6260727963560275,P002,0
-19.748215656602355,-10.24352183774435,-1.7143593021285748,9.188303194445865,1.6851874086276444,2.407819653062737,-1.9587766224818854,-1.3615833373737436,-20.25496285503561,-9.889173113067681,-2.01051794323866,2.580136296859718,4.349740947244517,-0.5939304005449014,7.784464500809506,0.18371133290513844,-21.165168085946757,-11.533578252885876,-2.932674406835718,-6.71538995269967,-1.4767059100753528,7.767701118949311,-2.9739387194408624,-0.5694477249748948,P003,1
-22.15034243844669,-12.880513678350331,-3.4582633480418496,5.6082832779643725,-5.595825555757058,5.710638896229839,-1.3623921885789774,-2.5112069853796406,-25.907841352865375,-15.36445755347832,-5.53952046800391,7.327753974916563,-10.36067252709962,4.069328790728741,3.894434122502657,-1.3359995555098187,-22.77858199549178,-14.075753294241,-5.02074453035439,-3.3676436662148523,-10.01839265793799,4.085175069265834,0.976820818853457,-1.3082156190582501,P003,0
-20.130292016191248,-10.149062324490007,-3.692071909016192,5.080468267705239,3.174121300850647,5.103408375637955,0.6646968654108246,-1.7138702915683506,-20.414035902461436,-11.625202223961763,-5.3561769312260035,-0.6603542241303071,4.061882833193337,3.1367111948737563,2.358174346775771,2.634531305608732,-20.027186584425127,-9.5920749758459,-5.805465093462342,4.730093610956648,0.5366798542679747,4.608749458801842,-1.6536567648472538,-2.1373976480673065,P003,1
-19.94833825420981,-10.786219997357767,-4.573701852743078,3.0262569698214223,2.514458620823206,5.066410358767104,-0.05739390058962351,-2.2013112563270516,-19.8790541860878,-10.957364144213184,-4.456563582320355,-0.1968277515528651,4.121700402253172,3.255960346569952,3.212669922226975,2.7562256084686494,-20.702653319373187,-9.68126622928128,-5.003718851756345,3.8791208272400404,-0.2810559671936971,5.482254887070646,-1.2709703415372062,-2.1727265243067087,P003,1
-20.261969633102034,-10.919469068359664,-4.903734586661751,1.3258651945634221,2.6532805887754645,5.676935920731064,-0.6183582129436894,-2.5037454924731164,-19.622008127151638,-10.965563311353641,-4.779208407847133,-0.14338401237078907,4.207872221742749,3.6363033458761915,2.2259263176071546,3.4855000661679147,-20.57804999305332,-9.474618521501304,-4.993421091588157,3.602283201722104,0.19822092469980898,5.308548185406936,-0.47665930582604993,-2.753228408808779,P003,1
-20.173254993202217,-9.80681998802644,-2.2197339889660803,7.105506818819264,1.1549792554535516,5.11706012329956,-0.070305454085876,-2.277257531731912,-19.775157837887996,-9.873307366327035,-3.668719418506071,3.4499725770411733,5.315355789955244,4.329053839211077,-0.33732691886193117,4.789939346165289,-20.738856742874066,-8.727126727662595,-6.039810952577014,8.520780458354619,1.262328919534914,4.224274636282668,1.7724092549319574,-3.3289882767284014,P003,1
-22.68417899932132,-8.285925994452565,1.4997065472744147,11.5592275111457,-1.298563068255335,3.0736439248675014,-3.4413469466942974,-2.811023768931522,-23.916833792702196,-11.377254131052371,-2.2331061817578415,4.972068556344329,-3.794843045190518,3.126524963694806,6.676766750083909,0.36463490366493867,-23.40134101267409,-11.818748395367408,-2.5138053788606225,-5.581984329294406,-6.979913385485413,6.588875782374011,0.48063540354320733,-2.489217513696656,P003,0
-23.388028258199444,-12.752449437956079,-7.156238449968965,-4.565769634415081,-6.349964793764054,7.517766555571401,-1.4458562106078647,-3.218275737544662,-24.280328414650203,-14.704422772018905,-6.277590493436443,4.683363093268204,-7.603508372979376,6.432573658431079,1.2068480949513023,1.7673844610765919,-21.040034075833248,-11.45410167511736,-4.713046194872194,0.2498109646619061,-6.684515858434252,4.59129838848508,0.34533221183378005,-3.073861857453682,P003,0
-23.142700398240333,-13.738868818079393,-7.653256254864888,-4.25455544717387,-6.645661566220776,8.178245499582008,-0.39713662463172045,-2.8499948862703395,-23.849691722159392,-14.15330535886059,-5.917514231544361,6.438372018592368,-7.76373139588775,4.308459465970478,1.0688010452775805,1.030316673606274,-21.890572047292203,-10.77005955440303,-5.093943400443721,2.9501561313750058,-5.742925599893295,4.282042260207823,0.430205784268075,-2.586254725083941,P003,0
-22.41419463906136,-12.149861173769361,-4.800231193180544,2.535097020522951,-4.801733487775243,7.3945153039704445,0.4631122708156217,-2.2442219159308125,-26.275296228456995,-15.398963477151915,-5.546483191419678,6.062305371183911,-6.7492125296058125,5.804885923756462,2.507246669299227,-0.14867605450930396,-21.46982227264486,-12.416507370776134,-5.58597976017306,2.030224609134391,-5.537316713031043,4.456748443569914,0.6962947532213871,-3.0449867745118646,P003,0
-15.110424618073942,53.15528012786345,2.3727935271336755,4.513434771499283,2.4653803267858363,1.612476138720903,-0.46487838238686074,-1.7612851990655882,-14.923094365542118,53.034320543344776,1.2318243255395005,1.7071081806622752,5.8892335793234585,0.6523889350177587,0.16570746637129816,1.4023808109252784,-15.211316280881706,52.578158088096444,0.5789255595515261,5.540935708317894,2.689122103318194,1.5471774385977386,0.22662129591941438,-1.5935766412331986,P004,1
-16.9090996911694,47.62251169196051,-3.0307259764410723,-2.310785712444216,5.314889042135339,-1.3178007907279,1.3324490175954151,0.43097684872835,-18.049130025819824,45.79006980687548,-5.559290262602867,-8.334000132187207,-2.1252712858989016,-0.7524309532067609,0.6913351261289856,-3.3880400396543435,-16.904861231685533,45.17807659904344,2.194817482198165,-16.161892080605636,3.432310055429626,1.942627057626174,1.6411858091879692,-0.1615691109204739,P004,0
-16.7154275276782,46.04874548063735,-5.174452864450722,-8.908076615067463,3.815419003524173,-2.396803417061467,-3.5940967166196303,-0.9221867294113368,-17.33101292137979,45.721304212948425,-4.879086634111369,-8.126821408822721,-1.8661412182313992,-2.1179161483108393,2.9538509350147066,-3.7551374316739037,-17.046978140674174,46.25596140119299,2.4759714945282245,-13.226919106193904,1.920620934387831,2.7465134844345256,-2.5960164608714495,1.3358825319868617,P004,0
-15.898466946072842,51.094011653775325,1.477746286126202,3.405548650841801,2.820979181865232,0.11365269922431238,-0.09573118510755811,-1.1430301150457889,-15.277051931759829,51.068454139016765,0.696009281152733,1.6388900451055701,5.919428724339356,-1.1729599067860754,-0.2761620574049546,0.9946458548131645,-14.949056952345089,51.03243424497809,-0.1691134810676066,4.962523799617071,3.8467765575029857,0.39743754552738425,0.03810226718622166,-1.3927859420788031,P004,1
-15.554931432783397,49.84550589978779,1.173991038215954,3.9774972391044545,3.818774466543643,-1.2269801300714556,-0.2156136827935293,-0.4065734354454911,-15.084310896833411,50.54136199307112,0.1329538549819982,-0.2586057229695545,6.645721871321401,-2.158255295333398,0.8657791287213171,-0.32373002656380157,-15.224823077267502,49.91390818757764,0.06437117244057214,1.3923366986554315,4.068645688333135,0.5829784538946978,-1.1430472039545778,-0.07226213437776027,P004,1
-16.39017728207973,48.969601984813956,-0.8867689940381619,-0.34568994966804,3.0903767796701906,-0.5531331228056386,0.15928491752542287,-0.2478787986353751,-15.678860196030854,51.307050130929454,0.3792196172013616,2.3705562797665274,6.998671722371647,-1.0204301240200688,-2.2861714778493885,0.9689007099624471,-15.481137280641242,50.082037766029764,-0.6900490533098641,4.339912110785562,4.635427363538615,-0.5685705391588931,0.8885895852752906,-0.5969696748346761,P004,1
-15.142156279870223,46.585268489239276,-2.884698961827213,-3.222580227964565,4.951401966058876,-1.0306102368960155,-0.09666134037972321,0.22553362203171018,-14.24549735275243,47.88682764076857,-2.113458383741702,-0.9281601481361362,5.499119625890828,-0.2560698268479057,-2.909805601687425,0.590239520280827,-13.757628665191424,48.34249793128123,-1.3744020255058946,3.803513234071473,5.132014124946264,-0.8698406536224615,0.025030399255248678,-0.4114806499310247,P004,1
-14.526176708179506,43.87277771240065,-7.794701812355941,-12.730124821931565,5.455383091896908,-2.281992116028867,-2.878893793426735,-1.0728300193437887,-13.655584602458195,46.63253523174787,-4.216061070174689,-2.4837651691151525,4.969825275958901,0.2382949900577203,-5.176089520240967,1.412906519657461,-13.740673430475093,48.1331236538141,-1.4748878315660285,3.3203416479833825,5.202333119378023,-0.9177667461535125,0.30620830425259804,-0.6513090502731242,P004,1
-15.454148027415508,45.910614950927425,-2.550452532287586,-1.2301058405960559,3.0760438749563472,-0.26972343358051504,1.9097630046731586,-0.04188353734740584,-15.410453542537292,44.54368915395578,-5.971709552962843,-8.291253672942604,-0.7345121428513316,1.0640807291590173,-0.9709947928208067,-0.7876219789381441,-15.020038942765877,46.36135225049188,-0.06721553831987742,-6.8597165645082505,5.121013860565418,-0.3319237616395985,0.07619928348419384,-0.7647439471142097,P004,0
-16.275793919699545,46.366433860583484,-3.001856756075226,-2.714592002101682,4.969547589177177,-2.272599979101801,-0.054234511110634126,0.04475802911563558,-16.836867875663476,45.65942555129901,-4.586632614055782,-7.2910412128271584,-1.7296964939827486,-1.510942721588821,2.185888041113462,-3.4687488951608287,-15.88356824706754,45.91734362591044,1.7749033545037336,-9.130240410625436,2.131824598574316,2.0643440665840758,-2.3409248564905485,0.6279210754400419,P004,0
-16.821784410004266,45.64761495377463,-3.125556086120445,-4.032739256127549,1.8413349877377858,-1.4941405058095605,-1.386439006368406,-0.6426712621244672,-17.093196417816866,45.910023949980186,-4.376511167304727,-6.08798479332885,-2.1798623778915367,-0.6421759449691636,0.8413007249253166,-2.4746834981916432,-16.9983813702109,46.61737121626625,0.9791802450083715,-8.713583682789004,3.296177384828755,0.46720392608594874,-0.19977388829452467,0.7607212123940801,P004,0
19.854446385926842,-19.121906696390283,5.72353737477582,8.13918681272719,4.733389006909035,-7.805889879516768,-2.5753942645764156,1.4107908991238587,22.406970789242713,-14.83794249149769,7.750630997860422,8.114948203991547,12.534789407932719,-9.592044621575008,2.5968865594109958,-0.33943097700480257,19.10935932235248,-18.718043560565135,-2.120875826817158,-4.762617674899673,7.168176998970612,-5.173181186604143,0.9374371421428169,1.4932115903797767,P005,0
19.641979223234753,-22.91180274664705,-0.40077336866951346,-2.8488197292724364,-3.0622891959269865,-4.593097254772541,-3.6550307240586255,-2.1778864808270932,18.562919696005544,-20.152307798470215,3.07125316627253,7.150618198577915,-2.0026878866727453,-4.102723700826045,-2.5128325438510886,0.5090946758561901,17.98800090806675,-23.034965595719733,-0.6897762218126755,-0.10731540561551067,1.7849572124225086,-3.879898702507927,2.7349694621470317,-2.0483495698034777,P005,0
17.680519592113562,-22.99316426791553,0.15765182735477046,-0.5874224932031885,-3.2025115473595793,-5.094347954546206,-1.2304658726755182,-0.6568491632812966,17.53957035800075,-20.792168141910448,2.0549453233466446,6.19716736343229,-2.677042203017851,-4.190965486330399,-4.025030442394443,0.26510350937336585,16.311024211814946,-21.925488542676213,-0.8043068752289976,3.129117848909627,2.0288526582545123,-5.003837251880871,1.671502113832007,-0.9072048566371862,P005,0
19.56927356972778,-22.354146296208175,-4.770368650751006,-11.589760312697692,5.064427284735159,-4.5060853611945975,-2.8727242522817407,-3.5700213728516808,17.57227610415682,-20.776589738367125,-1.5214460270070598,-8.623710050474587,3.6743519407212726,-2.5915377300803653,-1.605600646779285,0.975479722689364,16.430062844180906,-21.503970913471708,0.8945218325762666,-6.139202031681824,6.469952148901543,-1.4310146771382377,-0.15363656342584037,-1.6795535759211335,P005,1
19.110396746581085,-21.356718407685836,-0.4625448387483287,-1.9863738874053314,6.090852086458177,-4.232077041677469,-0.5718192193042207,-1.0343773609934221,20.519550692927037,-24.195907044675582,-4.763920921881113,-12.30789813495997,3.4984138743634765,-3.7198882874252384,0.30945525963769793,-0.1780297748856812,18.772069746287837,-24.65050425666461,-0.07783467533114627,-11.902628870849911,7.131920752802796,-1.2116178709290637,-0.6438894735308739,-1.2469738168804583,P005,1
17.821210125924623,-21.098904505034845,0.9083762099548633,1.1470975303377475,4.928634627011257,-4.342423124755332,-0.49135310866650517,-0.4750484636286904,16.809199310236853,-22.085155022147806,-2.2294622411681835,-11.075171768272293,2.2633208632107418,-1.533049747770162,0.012714412102483823,-0.628744825317736,15.095343785073732,-23.763963255383924,2.4874647813578377,-12.792087425534815,4.6252923802880685,0.22579046150130092,1.0149086791679591,-0.9839572212793979,P005,1
16.300917989933716,-21.932777449515324,-1.4582426231993673,-5.226998663963217,4.101360283575408,-3.1656732232248435,-0.5266294907692125,-0.43647504862699527,16.712859628825292,-21.98050000317152,-1.4910399532965586,-9.096312087140358,2.6965933350034565,-2.7108286500047303,-0.4308086825360618,-1.1489587481768944,16.573542415920663,-25.09130175098419,1.7395873788270313,-15.100100759206466,7.74445048577784,-0.3035389277862393,2.5088804989083906,-1.7878957065421344,P005,1
17.277809234309778,-21.44558712213609,0.2968409929105788,-0.989297789407956,6.930933950587176,-5.1091194460126745,-0.8415914330690133,-0.20466063951989774,17.439395606710335,-21.8742266713064,-1.5412635718508667,-10.46063520772314,4.303689930772758,-3.309893744779454,0.19267748294647483,-1.1928839483410263,16.13093551997571,-26.920752528877887,2.9028592573541703,-23.77947791108939,7.3425807714636795,-0.41942954217265954,5.974270284671412,-2.8313456702664173,P005,1
19.780333544913564,-23.76255627312148,-1.8986013523777765,-8.33292227613067,-4.195460511839141,-3.249451159666208,-4.609291155664629,-2.993603992548119,20.336798488536132,-22.429097029539243,0.11295307525266784,1.4704931769097511,-3.833855587024685,-2.082297625356556,-3.4563792826976147,2.5565093949238307,19.507304715531895,-24.28122492168766,-0.8177444082155712,-2.9669327960048517,0.10670191985236067,-4.883242747342173,4.977770066706061,-4.2029001491036,P005,0
16.67604158372084,-25.982833204942757,-6.9847766963136415,-17.029407944272908,-3.4781883949858754,-3.499267930935513,-2.5183428145577924,-1.838472544020412,17.284890090711908,-19.718662773733985,3.123470821020386,8.867028072085409,0.6077367750089141,-1.7759982092716382,-9.388748222544924,3.204549807013396,19.5438234467041,-21.47653645904756,-2.801162726643589,7.853760512695158,4.824211733610086,-6.595933751804627,2.621154006245627,-2.803001177529218,P005,0
19.77036134427032,-22.221481944141395,3.311990098212863,6.801856092900564,-1.5074905523184867,-8.0502310978282,-1.1883586598653788,-0.31112549101180315,18.730966845619758,-21.45318373508466,2.80049971163047,5.1499912557993826,-4.439495371061351,-5.717779300267274,-0.2146989665552163,-0.3146068566414792,18.613928357339976,-24.728099852940293,0.5023483380539102,-6.855627936809173,-1.084117257177407,-3.449071845331891,2.7353074186528077,-1.8845128769143797,P005,0
51.60052151030437,21.23807026155658,-1.3447721622434032,-8.283830040467262,-3.593394009445245,-2.573771719120625,-2.286278454996609,1.2219311660399101,51.99178158303595,23.094114129000914,2.0373257270022664,-0.326768268594354,-0.7911318996788556,-2.4781120992158727,2.108555611408002,-1.7214874642885483,51.8230112302131,21.175835468061425,4.601807489352338,-6.570298130260307,-3.4033128380058737,0.4669618397823629,-0.700067725664854,2.587422581810406,P008,1
51.98980396766042,22.644009473460624,4.2679582797551685,1.3774371826281495,-9.634014403267692,0.6833646942684315,-1.2089830235215955,0.21658424670304532,51.18936798717369,22.024953377197534,2.625188375700269,2.1495871245458447,-10.580125817599232,0.8939178906770601,3.0939954131793903,-0.2990471250481611,51.329284784260764,21.328664239287054,5.531441931243972,-7.738739997835125,-9.086335992452696,-0.46275350564104756,2.843490165858158,0.10615098916074123,P008,0
52.37766217478899,23.897979285680897,4.497942712463412,5.243303259570598,-1.2205612412574776,-0.47286844938369,2.9620373484495333,2.632600807448381,52.044413603879946,22.9245264119467,1.621228194984416,0.7352145393044351,-1.0343561504820833,-0.1560775057945875,-1.0394127633060315,0.3783290433815238,52.61018096829309,22.59155144111164,2.4519016282519748,1.73983072273663,-1.7105868290126645,-1.659884824535305,-0.2809514234352049,1.9842419075994457,P008,1
51.58666384141139,22.938523364163967,2.5365265552518435,0.7522101592238908,-3.4283338784740955,0.9663088716565204,2.7749697888590674,2.2599475751578435,51.374452162120825,23.477188094090117,1.7354885892257004,2.353466603500652,-1.1671120432721256,1.292901720335001,-3.4373894193664922,1.4056808277247832,52.35120576944187,23.86522692848845,1.3535095336666914,6.8272697608079005,-0.8578655266603591,-3.0944985446240416,0.8559724650169345,1.3704003674333824,P008,1
52.08840982880754,23.009219792492637,2.58542973031899,1.1509846869753715,-2.0875483569221545,-0.055519887602988996,2.3945435847797447,2.3058269628149484,52.205114334370016,23.820046851459477,2.267482591544196,2.9494509658583663,0.33422607216396744,-0.020267627170583682,-2.6647402928092454,1.1364011328868477,52.34707213641266,23.723987408975894,1.7203420512433816,5.8353363643396365,-2.1120848199344553,-2.774679879969146,0.8841244299808392,1.372144487574088,P008,1
51.97302354343254,24.037637139576272,5.441711189492236,7.4396397376150505,-3.6311067898833986,-1.2141503945196104,2.7939893464761583,2.5219559721701157,51.74641093494398,23.145412938505984,2.2056467235118435,1.0503873281062532,-1.4792580887018938,-1.2323875250994372,0.4437885247157373,-0.16192842652178377,52.47804043111953,23.193361474364067,2.81196849812757,0.34957835441407153,-3.355940740832508,-1.6601415073433137,0.15624024249078391,0.6243855522520839,P008,1
50.18335781942115,23.551636858705933,6.0256329202423835,2.3709007169127565,-8.288056425281038,-0.16196766836315243,-4.547337176677709,0.7529661924788436,49.76120088109916,25.686738008221393,7.238910434076293,12.529442589256902,-7.281876726062416,2.025573162891785,-0.20439144582873717,2.0861497580598125,52.13482760736941,23.44945605354659,2.8822843590031315,5.990938122155557,-6.022840346388885,-2.340001901521567,4.381516360285842,-1.0912509452506354,P008,0
50.92830810666347,22.06561675505507,2.886142980058686,-3.185173930038701,-10.74972837725658,2.447022245602175,-1.9980501873287384,0.10596947222996185,50.01235109022082,23.205475434797993,3.809031267662992,5.411459909772232,-10.259566104413901,2.7601424944038775,0.6912690496416646,0.8329046793984173,52.27274665804936,22.632922321246827,3.5505474300291384,3.291435705409588,-8.371319825838903,-1.6180803514689028,1.899737921596271,0.0011132889722189252,P008,0
51.239745109041074,21.643966471190197,1.8901694216070357,-3.889178649292992,-10.744527384897196,1.4543102891591186,-0.8850608973890872,0.2585632181680321,51.00044881165328,22.035195026979093,2.1168120192456623,4.2626096425747235,-10.326215792740662,1.745390913267095,-0.7058144208731916,0.7230216984835981,52.010834933630306,21.599042354843625,3.7957488448438266,-2.147972525538228,-8.926427573665741,-2.6707630235866096,4.280019460691795,-1.0690706161603816,P008,0
51.537180728333205,21.988714197667644,2.313222469469429,-2.316035418974914,-10.230490678012668,2.519606081150633,0.7040054075288146,0.38447464097668516,50.55750319804208,22.271863005848672,2.5145315187934965,4.434515894321433,-11.049853711884653,2.406920672080777,-0.5281745027145389,0.9391128175292538,51.89078198986671,21.497877727636233,3.6949730137646606,-1.4004118816238977,-8.681893616480641,-2.451506792616211,3.4396758861479206,-0.6640662353977964,P008,0
0.7732955237267357,-11.834135935053112,19.426302636393785,-13.193122712086144,5.8097982670689055,4.3451659304830885,2.931359362608792,-0.9643674558536697,3.4313365705390857,-11.563875143578484,20.82923264232858,-12.293798139463744,0.05550038280182526,4.2213406747259885,-0.736475260031802,0.749479267939618,3.356312853888933,-15.020916297278545,25.419588535288163,-6.276520278360185,-0.0046977071037572335,5.457131044574644,-4.399569015443771,1.0726847375444686,P009,1
0.5837382855644481,-11.407477953820049,29.0507175744394,0.1567103176718622,2.706031711457018,0.8592966042154367,-2.5650083193411954,1.7948689386652161,0.4466981756812716,-6.208905485955567,35.414840900078104,8.681401971672486,9.792285787732702,0.22409168264519091,1.7892988076779879,-2.553345689475473,0.7614553862412164,-13.633077433296789,25.581596441915714,5.807093375590188,3.5479315645538256,3.7288862924544834,4.124179702544384,0.05710492881556418,P009,0
1.2267223484057803,-11.484246895675357,29.261113384194303,0.8630349360208193,2.547627894386579,0.9618657069486028,-3.696796789485962,1.3122644350947232,1.4592894900050217,-8.909122986808553,31.68185019739106,6.571289653443466,7.7659473991674535,-1.5643145292476475,-0.6577734402159938,-2.5631928367590393,1.2545709925354545,-13.341571275834045,23.08187891840325,11.383991446018035,3.5981458876383696,-0.7320078855024897,0.2739420032815,0.7721341826453055,P009,0
2.811175752658942,-11.433181178548173,22.88318205682883,-5.821863597803063,3.8602512436903402,4.262912153679451,2.0949815778523373,-0.03834164601141293,3.7283734321833926,-12.078495895288368,21.072696617529594,-12.582407804892535,-1.1063051442830925,5.335804488928969,0.3420796611220361,0.04170133167100075,1.9764310134579552,-13.54152011668791,24.521333477496267,1.303856024342316,0.383372099216045,4.084172738609247,-2.258971536051689,1.095050164753454,P009,1
1.7994574331461666,-11.138849935520348,24.25084271732779,-2.944856382432615,3.079060900031876,4.660223282962222,3.556121400580575,1.0082005804624958,2.6414694316319487,-12.944383174293998,20.581531284661146,-13.396698651485645,-2.9936662162467575,4.713918472555583,0.8660034256357341,-1.2033915605707377,1.433518972576205,-13.574821739736922,23.63702345784805,3.710276802283982,0.31527702014328307,2.2896808731289333,-3.965431214818594,2.118208692935488,P009,1
1.5877371695140605,-12.638015877159175,21.42081103561948,-7.124420386627062,4.434429747395845,3.745649076628477,4.6339884904983215,1.4192332691232508,2.0831268600459354,-14.343496841105502,17.997144776366635,-16.634834695187656,-3.3585671421730687,4.1035159120820355,-0.913381119928526,-1.5382707466936432,2.1264839030512186,-14.660349654587126,24.16469758484563,-0.6322097779472323,0.53307056060932,3.2758757477400096,-3.7379330787499763,2.4663120094274884,P009,1
2.0786584584192798,-11.682159965352625,23.881808107454308,-1.858546274621197,3.4516160969697647,2.899944613672375,4.5223601153720185,1.7448798664718985,2.2016135406825335,-12.793966225587791,20.224095363937536,-11.682864314742192,-1.603210569564102,3.8158396379152775,-2.47454484637521,-0.5271172011067483,1.4204661942429995,-12.500520472982224,23.00015401833507,7.366064093486271,1.5287417850998082,1.8247605619044567,-2.707900886937295,2.0879072637882716,P009,1
-0.412815886050454,-11.65326777845875,25.6994218272841,-4.76116577481944,-3.382423659796893,2.0801648091003337,-1.8503462087279423,0.22106222580955537,-0.4244678357853166,-8.850216792605826,28.77957613267072,5.360362731406713,-3.7758610513531035,1.4472629642685482,-1.5242205917724962,-0.7704469095640816,-0.9979780525874992,-14.179952656829748,23.961535499825892,3.7864686014125426,-0.6670942921898698,0.01830260294582429,3.8794737555586374,0.0014679190335086473,P009,1
1.3966772923966932,-10.292151900504194,29.213201130776422,1.4752475266198217,1.3450500258493394,0.40670703870570263,-3.251006647661993,0.8899849672807754,2.1370928915486944,-7.662573517095054,31.376057837025368,5.279274057540717,2.666015246792772,2.41587547595585,0.5262046911825652,-0.09888809498108865,1.2687811489363896,-13.4307116574386,24.379610606449194,5.767499594823337,-0.2690689797838267,1.151490185671957,3.059640296751444,-0.6654948048039132,P009,0
1.2084402922101785,-12.35311609954617,25.834190085861692,-3.4220423780992575,-0.6031258540600383,1.7325864304877807,-0.6121590054505422,0.9851011381164723,1.5909477973445798,-10.281677717558473,28.03444298316085,3.6116483802679067,1.2944941603895201,-1.633682198190881,-2.1354727919636245,-1.776922066977069,0.30227095647346547,-11.647468443766751,23.179452792438127,13.537621215177722,2.725374495400923,-0.11587038460699535,0.9297291850032258,0.8727992512394264,P009,0
0.26898520424852285,-10.470159612378847,30.00567916501187,0.8943354396855292,2.327482644341077,2.330085872054185,-2.580200888932525,1.5479680691830695,0.5436637223277668,-11.099405504202114,29.031820524273137,-2.2206577666309015,1.9947552828195498,2.6604904385780648,1.248150031476843,-3.2454366450802183,-0.5113095776071118,-16.297930337054282,26.56464741973931,-3.2938224457595493,-0.38873869126717475,3.264908953109633,0.7241619748773317,2.260292182249249,P009,0
49.04558581125425,-11.08306874885079,-14.871918997738605,0.7302417536555121,7.9860916253405705,1.281245944633024,4.460799775591624,-1.0984649723146198,47.99600164439201,-13.919701896247405,-16.028443450525643,-4.946871246966714,3.6326806899709165,1.2670604893442032,-0.44474222223217347,2.0132775318339755,48.716059736114914,-9.012830815939578,-13.771493504510053,5.299676852408846,4.8462729149419035,1.602857382381188,-5.30270135324925,0.3042037718291919,P007,1
47.52190084385053,-12.1087976417066,-8.264573964109657,11.926916013318525,-2.1339708168881337,-1.37704620747323,1.5662931043244144,-0.1444819441156741,45.853166255968425,-15.386075445383105,-12.244810566065926,1.7190470709885446,-1.8980402545067772,-2.141012544483718,3.3147065970476928,-1.885890842233452,46.93661057807727,-13.531217818091392,-11.83071811485986,-1.6501150556884596,-4.747286533423459,0.4874269891017142,-4.156077902836025,1.425896656664813,P007,0
47.509878241898456,-10.658116018404098,-12.391647145149197,3.429271379198496,7.352299608049016,1.0055854045516124,2.3042429291626045,-0.8251869385428279,47.08987701652268,-13.603809950456649,-15.196341753656366,-5.345928917036064,3.803392528588027,1.0467572222526182,0.6873471101344512,1.3393357063318678,47.37112425907959,-8.791913165829857,-12.818247152015788,3.811372717758902,5.471169748983506,2.2504366679977976,-4.277480909451071,0.26825988914667637,P007,1
48.165145205163554,-11.37447895688377,-13.22406787280911,2.2599639217004395,8.203333499743266,1.1057190545463327,2.8502548529012985,-1.158179859065978,47.816797497479854,-15.10718036830346,-15.836268124945853,-7.767131677480756,2.9777736022817356,0.9938555098233273,2.5552205252009084,0.39196313205909206,49.65111097350299,-10.466115089099977,-13.649859751384119,4.165585401945353,5.054584862011179,2.038197806071444,-5.973627017164745,0.2130336718967177,P007,1
48.356374751842715,-12.845102265458614,-15.55310633164889,-2.312595426517205,6.625075139261746,1.6388998716857834,2.4406287552663817,-1.6648807637325334,47.58956609033916,-14.748446334409547,-15.848230593453355,-6.812402594093698,4.521189424317973,1.8064856289166942,0.5366092398887176,1.1840052171538822,49.15578229581364,-9.609345982104738,-14.26050780659095,7.089889986572472,6.01519499399668,0.9412384466766096,-4.562790836544518,-0.7655869540677782,P007,1
48.09235758083533,-12.957912727613172,-15.365027984132334,-2.120041593196572,7.969917479719708,1.8060940441295978,3.0378773983832117,-1.7315830270692678,47.87752761644988,-13.74712868932157,-14.978935709579599,-4.496494354360844,7.971898138462235,2.242806682998728,-2.8476861277635535,3.4874658711403725,48.493411585005454,-9.450842751516605,-14.379388548611898,8.252291431008398,6.460933103444391,0.30178807547544384,-2.5305971640393303,-0.9259151949358843,P007,1
46.44804572056638,-11.928828136704363,-11.725706677780448,1.57603167833533,3.1151131243586536,-0.23957424712092815,-1.1570814461309629,-1.0226000133810318,47.22889542355263,-12.118883181626533,-9.913428882363393,1.5482560831483445,8.529529045114144,-1.261168948280281,3.033947270819696,-1.0118778158284905,47.91360274766234,-11.596619373333645,-12.211885632443094,1.016161750532897,2.8484614466132103,1.7090208986657143,-1.7443571557124753,-0.357594855990486,P007,0
47.53992992519686,-11.731735520179024,-9.905524822374602,7.0306827895432,2.665600397056061,-1.0317273354652987,0.19886512724248268,-0.48479082231981696,46.062873908176904,-13.784385196667557,-11.438422112796678,1.848348404904692,1.5796471739673825,-2.115640518739905,2.7506211657857853,-1.7246151936816039,46.42948344888523,-12.732353521944685,-11.330206917225874,-2.8622301163962924,-3.568292775090628,0.8769526502607992,-2.6499838760844066,0.3512090689158496,P007,0
46.68925000385948,-12.380006489732326,-10.361356494361694,6.647540705726003,-4.413664235295783,0.3110535398630313,2.017036077022574,-0.8909951281833878,45.88960820290416,-14.079924858340677,-11.096386062216524,4.718176144692815,-3.0666519545322966,-2.252785275823406,3.069113715547144,-0.8694863657956446,47.27334476537883,-12.798169760110321,-12.034940499151492,-1.4040219915813306,-4.205717412023942,-0.020409618728536912,-2.639295116527723,0.038513197801774486,P007,0
46.969161610368815,-13.528051187857315,-12.17610707387462,2.9142503318374833,-3.9817893563313826,0.5977782852215545,1.5567713793856608,-1.1837559732920961,45.264436637193555,-14.053829005751673,-11.229001433777746,4.661755826652972,-2.4785266143900437,-1.870123546951147,2.302968549926463,-1.6485676319381366,46.87535070285472,-13.059218343175038,-11.56685281556742,-1.4038540814033869,-4.621952924950347,0.9573028826127663,-3.629960026651928,1.3803502936703909,P007,0
